---------------------------------------
Policy: TD3, Env: MountainCarContinuous-v0, Seed: 1
---------------------------------------
---------------------------------------
Evaluation over 10 episodes: -1.003
---------------------------------------
Total T: 999 Episode Num: 1 Episode T: 999 Reward: -33.524
Total T: 1998 Episode Num: 2 Episode T: 999 Reward: -32.330
Total T: 2997 Episode Num: 3 Episode T: 999 Reward: -34.445
Total T: 3996 Episode Num: 4 Episode T: 999 Reward: -34.107
Total T: 4995 Episode Num: 5 Episode T: 999 Reward: -32.482
---------------------------------------
Evaluation over 10 episodes: -1.003
---------------------------------------
Total T: 5994 Episode Num: 6 Episode T: 999 Reward: -33.744
Total T: 6993 Episode Num: 7 Episode T: 999 Reward: -33.800
Total T: 7992 Episode Num: 8 Episode T: 999 Reward: -33.494
Total T: 8991 Episode Num: 9 Episode T: 999 Reward: -32.961
Total T: 9990 Episode Num: 10 Episode T: 999 Reward: -34.571
---------------------------------------
Evaluation over 10 episodes: -1.003
---------------------------------------
Total T: 10989 Episode Num: 11 Episode T: 999 Reward: -32.007
Total T: 11988 Episode Num: 12 Episode T: 999 Reward: -32.866
Total T: 12987 Episode Num: 13 Episode T: 999 Reward: -34.577
Total T: 13986 Episode Num: 14 Episode T: 999 Reward: -34.035
Total T: 14985 Episode Num: 15 Episode T: 999 Reward: -32.370
---------------------------------------
Evaluation over 10 episodes: -1.003
---------------------------------------
Total T: 15984 Episode Num: 16 Episode T: 999 Reward: -32.973
Total T: 16983 Episode Num: 17 Episode T: 999 Reward: -34.337
Total T: 17982 Episode Num: 18 Episode T: 999 Reward: -34.831
Total T: 18981 Episode Num: 19 Episode T: 999 Reward: -33.678
Total T: 19980 Episode Num: 20 Episode T: 999 Reward: -33.376
---------------------------------------
Evaluation over 10 episodes: -1.003
---------------------------------------
Total T: 20979 Episode Num: 21 Episode T: 999 Reward: -31.678
Total T: 21978 Episode Num: 22 Episode T: 999 Reward: -33.649
Total T: 22977 Episode Num: 23 Episode T: 999 Reward: -31.482
Total T: 23976 Episode Num: 24 Episode T: 999 Reward: -33.649
Total T: 24975 Episode Num: 25 Episode T: 999 Reward: -30.787
---------------------------------------
Evaluation over 10 episodes: -1.003
---------------------------------------
Total T: 25974 Episode Num: 26 Episode T: 999 Reward: -35.699
Total T: 26973 Episode Num: 27 Episode T: 999 Reward: -35.446
Total T: 27972 Episode Num: 28 Episode T: 999 Reward: -38.541
Total T: 28971 Episode Num: 29 Episode T: 999 Reward: -35.038
Total T: 29970 Episode Num: 30 Episode T: 999 Reward: -37.628
---------------------------------------
Evaluation over 10 episodes: -0.024
---------------------------------------
Total T: 30969 Episode Num: 31 Episode T: 999 Reward: -36.599
Total T: 31968 Episode Num: 32 Episode T: 999 Reward: -38.841
Total T: 32967 Episode Num: 33 Episode T: 999 Reward: -36.552
Total T: 33966 Episode Num: 34 Episode T: 999 Reward: -36.367
Total T: 34965 Episode Num: 35 Episode T: 999 Reward: -36.012
---------------------------------------
Evaluation over 10 episodes: -0.052
---------------------------------------
Total T: 35964 Episode Num: 36 Episode T: 999 Reward: -37.997
Total T: 36963 Episode Num: 37 Episode T: 999 Reward: -35.765
Total T: 37962 Episode Num: 38 Episode T: 999 Reward: -36.371
Total T: 38961 Episode Num: 39 Episode T: 999 Reward: -34.100
Total T: 39960 Episode Num: 40 Episode T: 999 Reward: -36.658
---------------------------------------
Evaluation over 10 episodes: -0.032
---------------------------------------
Total T: 40959 Episode Num: 41 Episode T: 999 Reward: -35.130
Total T: 41958 Episode Num: 42 Episode T: 999 Reward: -37.535
Total T: 42957 Episode Num: 43 Episode T: 999 Reward: -35.382
Total T: 43956 Episode Num: 44 Episode T: 999 Reward: -37.350
Total T: 44955 Episode Num: 45 Episode T: 999 Reward: -37.398
---------------------------------------
Evaluation over 10 episodes: -0.043
---------------------------------------
Total T: 45954 Episode Num: 46 Episode T: 999 Reward: -38.919
Total T: 46953 Episode Num: 47 Episode T: 999 Reward: -36.833
Total T: 47952 Episode Num: 48 Episode T: 999 Reward: -37.965
Total T: 48951 Episode Num: 49 Episode T: 999 Reward: -34.783
Total T: 49950 Episode Num: 50 Episode T: 999 Reward: -38.116
---------------------------------------
Evaluation over 10 episodes: -0.007
---------------------------------------
Total T: 50949 Episode Num: 51 Episode T: 999 Reward: -37.019
Total T: 51948 Episode Num: 52 Episode T: 999 Reward: -36.562
Total T: 52947 Episode Num: 53 Episode T: 999 Reward: -37.401
Total T: 53946 Episode Num: 54 Episode T: 999 Reward: -37.021
Total T: 54945 Episode Num: 55 Episode T: 999 Reward: -36.949
---------------------------------------
Evaluation over 10 episodes: -0.010
---------------------------------------
Total T: 55944 Episode Num: 56 Episode T: 999 Reward: -37.547
Total T: 56943 Episode Num: 57 Episode T: 999 Reward: -36.165
Total T: 57942 Episode Num: 58 Episode T: 999 Reward: -37.111
Total T: 58941 Episode Num: 59 Episode T: 999 Reward: -37.064
Total T: 59940 Episode Num: 60 Episode T: 999 Reward: -35.819
---------------------------------------
Evaluation over 10 episodes: -0.013
---------------------------------------
Total T: 60939 Episode Num: 61 Episode T: 999 Reward: -35.918
Total T: 61938 Episode Num: 62 Episode T: 999 Reward: -37.376
Total T: 62937 Episode Num: 63 Episode T: 999 Reward: -36.777
Total T: 63936 Episode Num: 64 Episode T: 999 Reward: -37.456
Total T: 64935 Episode Num: 65 Episode T: 999 Reward: -36.508
---------------------------------------
Evaluation over 10 episodes: -0.013
---------------------------------------
Total T: 65934 Episode Num: 66 Episode T: 999 Reward: -36.588
Total T: 66933 Episode Num: 67 Episode T: 999 Reward: -36.733
Total T: 67932 Episode Num: 68 Episode T: 999 Reward: -38.534
Total T: 68931 Episode Num: 69 Episode T: 999 Reward: -36.495
Total T: 69930 Episode Num: 70 Episode T: 999 Reward: -36.041
---------------------------------------
Evaluation over 10 episodes: -0.020
---------------------------------------
Total T: 70929 Episode Num: 71 Episode T: 999 Reward: -36.433
Total T: 71928 Episode Num: 72 Episode T: 999 Reward: -37.222
Total T: 72927 Episode Num: 73 Episode T: 999 Reward: -38.268
Total T: 73926 Episode Num: 74 Episode T: 999 Reward: -37.066
Total T: 74925 Episode Num: 75 Episode T: 999 Reward: -38.410
---------------------------------------
Evaluation over 10 episodes: -0.033
---------------------------------------
Total T: 75924 Episode Num: 76 Episode T: 999 Reward: -38.390
Total T: 76923 Episode Num: 77 Episode T: 999 Reward: -37.078
Total T: 77922 Episode Num: 78 Episode T: 999 Reward: -37.209
Total T: 78921 Episode Num: 79 Episode T: 999 Reward: -35.816
Total T: 79920 Episode Num: 80 Episode T: 999 Reward: -38.489
---------------------------------------
Evaluation over 10 episodes: -0.046
---------------------------------------
Total T: 80919 Episode Num: 81 Episode T: 999 Reward: -36.318
Total T: 81918 Episode Num: 82 Episode T: 999 Reward: -36.864
Total T: 82917 Episode Num: 83 Episode T: 999 Reward: -37.109
Total T: 83916 Episode Num: 84 Episode T: 999 Reward: -36.632
Total T: 84915 Episode Num: 85 Episode T: 999 Reward: -36.886
---------------------------------------
Evaluation over 10 episodes: -0.043
---------------------------------------
Total T: 85914 Episode Num: 86 Episode T: 999 Reward: -37.019
Total T: 86913 Episode Num: 87 Episode T: 999 Reward: -36.941
Total T: 87912 Episode Num: 88 Episode T: 999 Reward: -36.550
Total T: 88911 Episode Num: 89 Episode T: 999 Reward: -36.614
Total T: 89910 Episode Num: 90 Episode T: 999 Reward: -34.507
---------------------------------------
Evaluation over 10 episodes: -0.011
---------------------------------------
Total T: 90909 Episode Num: 91 Episode T: 999 Reward: -36.050
Total T: 91908 Episode Num: 92 Episode T: 999 Reward: -36.604
Total T: 92907 Episode Num: 93 Episode T: 999 Reward: -36.454
Total T: 93906 Episode Num: 94 Episode T: 999 Reward: -37.298
Total T: 94905 Episode Num: 95 Episode T: 999 Reward: -36.057
---------------------------------------
Evaluation over 10 episodes: -0.012
---------------------------------------
Total T: 95904 Episode Num: 96 Episode T: 999 Reward: -36.101
Total T: 96903 Episode Num: 97 Episode T: 999 Reward: -36.776
Total T: 97902 Episode Num: 98 Episode T: 999 Reward: -36.651
Total T: 98901 Episode Num: 99 Episode T: 999 Reward: -37.640
Total T: 99900 Episode Num: 100 Episode T: 999 Reward: -37.927
---------------------------------------
Evaluation over 10 episodes: -0.012
---------------------------------------
Total T: 100899 Episode Num: 101 Episode T: 999 Reward: -36.640
Total T: 101898 Episode Num: 102 Episode T: 999 Reward: -37.478
Total T: 102897 Episode Num: 103 Episode T: 999 Reward: -38.529
Total T: 103896 Episode Num: 104 Episode T: 999 Reward: -36.317
Total T: 104895 Episode Num: 105 Episode T: 999 Reward: -35.835
---------------------------------------
Evaluation over 10 episodes: -0.026
---------------------------------------
Total T: 105894 Episode Num: 106 Episode T: 999 Reward: -36.629
Total T: 106893 Episode Num: 107 Episode T: 999 Reward: -34.877
Total T: 107892 Episode Num: 108 Episode T: 999 Reward: -37.311
Total T: 108891 Episode Num: 109 Episode T: 999 Reward: -35.706
Total T: 109890 Episode Num: 110 Episode T: 999 Reward: -36.360
---------------------------------------
Evaluation over 10 episodes: -0.017
---------------------------------------
Total T: 110889 Episode Num: 111 Episode T: 999 Reward: -34.215
Total T: 111888 Episode Num: 112 Episode T: 999 Reward: -34.744
Total T: 112887 Episode Num: 113 Episode T: 999 Reward: -37.241
Total T: 113886 Episode Num: 114 Episode T: 999 Reward: -35.375
Total T: 114885 Episode Num: 115 Episode T: 999 Reward: -37.146
---------------------------------------
Evaluation over 10 episodes: -0.016
---------------------------------------
Total T: 115884 Episode Num: 116 Episode T: 999 Reward: -34.841
Total T: 116883 Episode Num: 117 Episode T: 999 Reward: -35.584
Total T: 117882 Episode Num: 118 Episode T: 999 Reward: -35.101
Total T: 118881 Episode Num: 119 Episode T: 999 Reward: -37.867
Total T: 119880 Episode Num: 120 Episode T: 999 Reward: -37.370
---------------------------------------
Evaluation over 10 episodes: -0.018
---------------------------------------
Total T: 120879 Episode Num: 121 Episode T: 999 Reward: -34.337
Total T: 121878 Episode Num: 122 Episode T: 999 Reward: -35.910
Total T: 122877 Episode Num: 123 Episode T: 999 Reward: -35.846
Total T: 123876 Episode Num: 124 Episode T: 999 Reward: -37.323
Total T: 124875 Episode Num: 125 Episode T: 999 Reward: -37.058
---------------------------------------
Evaluation over 10 episodes: -0.025
---------------------------------------
Total T: 125874 Episode Num: 126 Episode T: 999 Reward: -36.791
Total T: 126873 Episode Num: 127 Episode T: 999 Reward: -37.115
Total T: 127872 Episode Num: 128 Episode T: 999 Reward: -38.367
Total T: 128871 Episode Num: 129 Episode T: 999 Reward: -37.452
Total T: 129870 Episode Num: 130 Episode T: 999 Reward: -36.153
---------------------------------------
Evaluation over 10 episodes: -0.036
---------------------------------------
Total T: 130592 Episode Num: 131 Episode T: 722 Reward: 73.069
Total T: 131591 Episode Num: 132 Episode T: 999 Reward: -35.435
Total T: 132590 Episode Num: 133 Episode T: 999 Reward: -36.494
Total T: 133589 Episode Num: 134 Episode T: 999 Reward: -37.845
Total T: 134588 Episode Num: 135 Episode T: 999 Reward: -36.572
---------------------------------------
Evaluation over 10 episodes: -0.107
---------------------------------------
Total T: 135587 Episode Num: 136 Episode T: 999 Reward: -36.692
Total T: 136586 Episode Num: 137 Episode T: 999 Reward: -36.292
Total T: 137585 Episode Num: 138 Episode T: 999 Reward: -35.312
Total T: 138584 Episode Num: 139 Episode T: 999 Reward: -38.390
Total T: 139583 Episode Num: 140 Episode T: 999 Reward: -35.350
---------------------------------------
Evaluation over 10 episodes: -0.134
---------------------------------------
Total T: 140582 Episode Num: 141 Episode T: 999 Reward: -35.857
Total T: 141581 Episode Num: 142 Episode T: 999 Reward: -38.892
Total T: 142580 Episode Num: 143 Episode T: 999 Reward: -39.565
Total T: 143579 Episode Num: 144 Episode T: 999 Reward: -37.143
Total T: 144578 Episode Num: 145 Episode T: 999 Reward: -36.480
---------------------------------------
Evaluation over 10 episodes: -0.094
---------------------------------------
Total T: 145577 Episode Num: 146 Episode T: 999 Reward: -36.352
Total T: 146576 Episode Num: 147 Episode T: 999 Reward: -37.190
Total T: 147575 Episode Num: 148 Episode T: 999 Reward: -37.492
Total T: 148574 Episode Num: 149 Episode T: 999 Reward: -35.451
Total T: 149573 Episode Num: 150 Episode T: 999 Reward: -36.119
---------------------------------------
Evaluation over 10 episodes: -0.471
---------------------------------------
Total T: 150572 Episode Num: 151 Episode T: 999 Reward: -36.863
Total T: 151571 Episode Num: 152 Episode T: 999 Reward: -35.875
Total T: 152570 Episode Num: 153 Episode T: 999 Reward: -37.496
Total T: 153569 Episode Num: 154 Episode T: 999 Reward: -36.306
Total T: 154568 Episode Num: 155 Episode T: 999 Reward: -36.538
---------------------------------------
Evaluation over 10 episodes: -0.305
---------------------------------------
Total T: 155567 Episode Num: 156 Episode T: 999 Reward: -35.465
Total T: 156566 Episode Num: 157 Episode T: 999 Reward: -35.558
Total T: 157565 Episode Num: 158 Episode T: 999 Reward: -39.098
Total T: 158564 Episode Num: 159 Episode T: 999 Reward: -38.145
Total T: 159563 Episode Num: 160 Episode T: 999 Reward: -39.012
---------------------------------------
Evaluation over 10 episodes: -0.447
---------------------------------------
Total T: 160562 Episode Num: 161 Episode T: 999 Reward: -34.820
Total T: 161561 Episode Num: 162 Episode T: 999 Reward: -38.473
Total T: 162560 Episode Num: 163 Episode T: 999 Reward: -37.868
Total T: 163559 Episode Num: 164 Episode T: 999 Reward: -36.484
Total T: 164558 Episode Num: 165 Episode T: 999 Reward: -36.630
---------------------------------------
Evaluation over 10 episodes: -1.887
---------------------------------------
Total T: 165557 Episode Num: 166 Episode T: 999 Reward: -38.492
Total T: 166556 Episode Num: 167 Episode T: 999 Reward: -37.228
Total T: 167555 Episode Num: 168 Episode T: 999 Reward: -38.745
Total T: 168554 Episode Num: 169 Episode T: 999 Reward: -36.395
Total T: 169553 Episode Num: 170 Episode T: 999 Reward: -39.536
---------------------------------------
Evaluation over 10 episodes: -1.156
---------------------------------------
Total T: 170552 Episode Num: 171 Episode T: 999 Reward: -39.877
Total T: 171551 Episode Num: 172 Episode T: 999 Reward: -38.248
Total T: 172550 Episode Num: 173 Episode T: 999 Reward: -39.128
Total T: 173549 Episode Num: 174 Episode T: 999 Reward: -37.840
Total T: 174548 Episode Num: 175 Episode T: 999 Reward: -34.755
---------------------------------------
Evaluation over 10 episodes: -0.684
---------------------------------------
Total T: 175547 Episode Num: 176 Episode T: 999 Reward: -37.328
Total T: 176444 Episode Num: 177 Episode T: 897 Reward: 63.990
Total T: 177443 Episode Num: 178 Episode T: 999 Reward: -37.104
Total T: 178442 Episode Num: 179 Episode T: 999 Reward: -38.423
Total T: 179250 Episode Num: 180 Episode T: 808 Reward: 66.892
---------------------------------------
Evaluation over 10 episodes: -0.556
---------------------------------------
Total T: 180249 Episode Num: 181 Episode T: 999 Reward: -38.098
Total T: 180791 Episode Num: 182 Episode T: 542 Reward: 78.560
Total T: 181790 Episode Num: 183 Episode T: 999 Reward: -38.694
Total T: 182789 Episode Num: 184 Episode T: 999 Reward: -36.079
Total T: 183665 Episode Num: 185 Episode T: 876 Reward: 68.066
Total T: 184617 Episode Num: 186 Episode T: 952 Reward: 64.556
Total T: 184954 Episode Num: 187 Episode T: 337 Reward: 84.198
---------------------------------------
Evaluation over 10 episodes: -0.047
---------------------------------------
Total T: 185181 Episode Num: 188 Episode T: 227 Reward: 89.742
Total T: 186180 Episode Num: 189 Episode T: 999 Reward: -38.774
Total T: 186337 Episode Num: 190 Episode T: 157 Reward: 92.358
Total T: 186940 Episode Num: 191 Episode T: 603 Reward: 75.681
Total T: 187187 Episode Num: 192 Episode T: 247 Reward: 88.690
Total T: 188186 Episode Num: 193 Episode T: 999 Reward: -42.239
Total T: 188391 Episode Num: 194 Episode T: 205 Reward: 90.645
Total T: 188628 Episode Num: 195 Episode T: 237 Reward: 85.864
Total T: 188969 Episode Num: 196 Episode T: 341 Reward: 84.652
Total T: 189251 Episode Num: 197 Episode T: 282 Reward: 87.198
Total T: 189743 Episode Num: 198 Episode T: 492 Reward: 77.724
---------------------------------------
Evaluation over 10 episodes: 27.154
---------------------------------------
Total T: 190350 Episode Num: 199 Episode T: 607 Reward: 73.083
Total T: 190495 Episode Num: 200 Episode T: 145 Reward: 92.636
Total T: 190909 Episode Num: 201 Episode T: 414 Reward: 81.928
Total T: 191059 Episode Num: 202 Episode T: 150 Reward: 92.562
Total T: 191278 Episode Num: 203 Episode T: 219 Reward: 89.702
Total T: 191522 Episode Num: 204 Episode T: 244 Reward: 87.300
Total T: 191826 Episode Num: 205 Episode T: 304 Reward: 86.169
Total T: 192323 Episode Num: 206 Episode T: 497 Reward: 78.993
Total T: 192567 Episode Num: 207 Episode T: 244 Reward: 89.336
Total T: 192955 Episode Num: 208 Episode T: 388 Reward: 83.220
Total T: 193325 Episode Num: 209 Episode T: 370 Reward: 84.063
Total T: 193505 Episode Num: 210 Episode T: 180 Reward: 90.420
Total T: 193731 Episode Num: 211 Episode T: 226 Reward: 88.935
Total T: 194084 Episode Num: 212 Episode T: 353 Reward: 83.823
Total T: 194367 Episode Num: 213 Episode T: 283 Reward: 83.721
Total T: 194811 Episode Num: 214 Episode T: 444 Reward: 80.894
---------------------------------------
Evaluation over 10 episodes: 54.367
---------------------------------------
Total T: 195018 Episode Num: 215 Episode T: 207 Reward: 89.567
Total T: 195145 Episode Num: 216 Episode T: 127 Reward: 92.089
Total T: 195557 Episode Num: 217 Episode T: 412 Reward: 79.506
Total T: 195784 Episode Num: 218 Episode T: 227 Reward: 87.964
Total T: 195989 Episode Num: 219 Episode T: 205 Reward: 90.906
Total T: 196178 Episode Num: 220 Episode T: 189 Reward: 90.806
Total T: 196335 Episode Num: 221 Episode T: 157 Reward: 91.138
Total T: 196528 Episode Num: 222 Episode T: 193 Reward: 89.412
Total T: 196746 Episode Num: 223 Episode T: 218 Reward: 88.142
Total T: 196981 Episode Num: 224 Episode T: 235 Reward: 88.621
Total T: 197195 Episode Num: 225 Episode T: 214 Reward: 88.661
Total T: 197329 Episode Num: 226 Episode T: 134 Reward: 91.708
Total T: 197458 Episode Num: 227 Episode T: 129 Reward: 91.762
Total T: 197607 Episode Num: 228 Episode T: 149 Reward: 90.285
Total T: 197751 Episode Num: 229 Episode T: 144 Reward: 90.935
Total T: 197885 Episode Num: 230 Episode T: 134 Reward: 91.705
Total T: 198043 Episode Num: 231 Episode T: 158 Reward: 90.607
Total T: 198198 Episode Num: 232 Episode T: 155 Reward: 90.334
Total T: 198276 Episode Num: 233 Episode T: 78 Reward: 94.767
Total T: 198354 Episode Num: 234 Episode T: 78 Reward: 94.900
Total T: 198429 Episode Num: 235 Episode T: 75 Reward: 94.465
Total T: 198505 Episode Num: 236 Episode T: 76 Reward: 94.354
Total T: 198681 Episode Num: 237 Episode T: 176 Reward: 88.584
Total T: 198759 Episode Num: 238 Episode T: 78 Reward: 94.888
Total T: 198892 Episode Num: 239 Episode T: 133 Reward: 91.717
Total T: 199035 Episode Num: 240 Episode T: 143 Reward: 90.743
Total T: 199126 Episode Num: 241 Episode T: 91 Reward: 93.573
Total T: 199266 Episode Num: 242 Episode T: 140 Reward: 91.560
Total T: 199452 Episode Num: 243 Episode T: 186 Reward: 87.504
Total T: 199591 Episode Num: 244 Episode T: 139 Reward: 92.135
Total T: 199728 Episode Num: 245 Episode T: 137 Reward: 91.340
Total T: 199888 Episode Num: 246 Episode T: 160 Reward: 90.421
---------------------------------------
Evaluation over 10 episodes: 93.596
---------------------------------------
Total T: 200016 Episode Num: 247 Episode T: 128 Reward: 91.908
Total T: 200100 Episode Num: 248 Episode T: 84 Reward: 94.300
Total T: 200184 Episode Num: 249 Episode T: 84 Reward: 94.521
Total T: 200270 Episode Num: 250 Episode T: 86 Reward: 94.152
Total T: 200388 Episode Num: 251 Episode T: 118 Reward: 91.897
Total T: 200532 Episode Num: 252 Episode T: 144 Reward: 90.747
Total T: 200614 Episode Num: 253 Episode T: 82 Reward: 94.563
Total T: 200767 Episode Num: 254 Episode T: 153 Reward: 89.494
Total T: 200850 Episode Num: 255 Episode T: 83 Reward: 94.214
Total T: 201006 Episode Num: 256 Episode T: 156 Reward: 90.077
Total T: 201163 Episode Num: 257 Episode T: 157 Reward: 89.962
Total T: 201308 Episode Num: 258 Episode T: 145 Reward: 91.242
Total T: 201468 Episode Num: 259 Episode T: 160 Reward: 89.180
Total T: 201640 Episode Num: 260 Episode T: 172 Reward: 89.102
Total T: 201717 Episode Num: 261 Episode T: 77 Reward: 95.037
Total T: 201807 Episode Num: 262 Episode T: 90 Reward: 93.527
Total T: 201928 Episode Num: 263 Episode T: 121 Reward: 91.844
Total T: 202003 Episode Num: 264 Episode T: 75 Reward: 94.281
Total T: 202156 Episode Num: 265 Episode T: 153 Reward: 90.779
Total T: 202298 Episode Num: 266 Episode T: 142 Reward: 90.617
Total T: 202373 Episode Num: 267 Episode T: 75 Reward: 94.752
Total T: 202452 Episode Num: 268 Episode T: 79 Reward: 94.598
Total T: 202608 Episode Num: 269 Episode T: 156 Reward: 90.279
Total T: 202745 Episode Num: 270 Episode T: 137 Reward: 91.370
Total T: 202898 Episode Num: 271 Episode T: 153 Reward: 90.076
Total T: 202985 Episode Num: 272 Episode T: 87 Reward: 93.985
Total T: 203062 Episode Num: 273 Episode T: 77 Reward: 94.581
Total T: 203221 Episode Num: 274 Episode T: 159 Reward: 90.059
Total T: 203398 Episode Num: 275 Episode T: 177 Reward: 88.110
Total T: 203475 Episode Num: 276 Episode T: 77 Reward: 94.819
Total T: 203565 Episode Num: 277 Episode T: 90 Reward: 93.981
Total T: 203712 Episode Num: 278 Episode T: 147 Reward: 90.149
Total T: 203850 Episode Num: 279 Episode T: 138 Reward: 91.157
Total T: 203933 Episode Num: 280 Episode T: 83 Reward: 94.511
Total T: 204089 Episode Num: 281 Episode T: 156 Reward: 89.840
Total T: 204166 Episode Num: 282 Episode T: 77 Reward: 94.454
Total T: 204252 Episode Num: 283 Episode T: 86 Reward: 94.779
Total T: 204393 Episode Num: 284 Episode T: 141 Reward: 90.742
Total T: 204479 Episode Num: 285 Episode T: 86 Reward: 94.758
Total T: 204557 Episode Num: 286 Episode T: 78 Reward: 94.425
Total T: 204637 Episode Num: 287 Episode T: 80 Reward: 94.804
Total T: 204716 Episode Num: 288 Episode T: 79 Reward: 94.360
Total T: 204801 Episode Num: 289 Episode T: 85 Reward: 94.758
Total T: 204974 Episode Num: 290 Episode T: 173 Reward: 87.898
---------------------------------------
Evaluation over 10 episodes: 92.857
---------------------------------------
Total T: 205150 Episode Num: 291 Episode T: 176 Reward: 88.140
Total T: 205242 Episode Num: 292 Episode T: 92 Reward: 93.346
Total T: 205320 Episode Num: 293 Episode T: 78 Reward: 94.260
Total T: 205499 Episode Num: 294 Episode T: 179 Reward: 88.706
Total T: 205575 Episode Num: 295 Episode T: 76 Reward: 94.330
Total T: 205711 Episode Num: 296 Episode T: 136 Reward: 91.407
Total T: 205884 Episode Num: 297 Episode T: 173 Reward: 89.312
Total T: 206047 Episode Num: 298 Episode T: 163 Reward: 88.872
Total T: 206202 Episode Num: 299 Episode T: 155 Reward: 89.675
Total T: 206359 Episode Num: 300 Episode T: 157 Reward: 89.228
Total T: 206534 Episode Num: 301 Episode T: 175 Reward: 88.128
Total T: 206614 Episode Num: 302 Episode T: 80 Reward: 94.416
Total T: 206702 Episode Num: 303 Episode T: 88 Reward: 94.160
Total T: 206866 Episode Num: 304 Episode T: 164 Reward: 88.862
Total T: 206951 Episode Num: 305 Episode T: 85 Reward: 94.582
Total T: 207028 Episode Num: 306 Episode T: 77 Reward: 94.536
Total T: 207198 Episode Num: 307 Episode T: 170 Reward: 88.812
Total T: 207275 Episode Num: 308 Episode T: 77 Reward: 94.114
Total T: 207435 Episode Num: 309 Episode T: 160 Reward: 89.264
Total T: 207625 Episode Num: 310 Episode T: 190 Reward: 87.026
Total T: 207704 Episode Num: 311 Episode T: 79 Reward: 94.049
Total T: 207790 Episode Num: 312 Episode T: 86 Reward: 94.448
Total T: 207875 Episode Num: 313 Episode T: 85 Reward: 93.811
Total T: 207959 Episode Num: 314 Episode T: 84 Reward: 93.900
Total T: 208038 Episode Num: 315 Episode T: 79 Reward: 94.964
Total T: 208124 Episode Num: 316 Episode T: 86 Reward: 94.739
Total T: 208212 Episode Num: 317 Episode T: 88 Reward: 94.409
Total T: 208352 Episode Num: 318 Episode T: 140 Reward: 90.997
Total T: 208504 Episode Num: 319 Episode T: 152 Reward: 90.200
Total T: 208587 Episode Num: 320 Episode T: 83 Reward: 93.747
Total T: 208748 Episode Num: 321 Episode T: 161 Reward: 89.180
Total T: 208824 Episode Num: 322 Episode T: 76 Reward: 94.262
Total T: 208973 Episode Num: 323 Episode T: 149 Reward: 90.692
Total T: 209116 Episode Num: 324 Episode T: 143 Reward: 91.293
Total T: 209261 Episode Num: 325 Episode T: 145 Reward: 91.111
Total T: 209340 Episode Num: 326 Episode T: 79 Reward: 94.682
Total T: 209485 Episode Num: 327 Episode T: 145 Reward: 90.057
Total T: 209639 Episode Num: 328 Episode T: 154 Reward: 89.757
Total T: 209746 Episode Num: 329 Episode T: 107 Reward: 91.974
Total T: 209904 Episode Num: 330 Episode T: 158 Reward: 89.847
---------------------------------------
Evaluation over 10 episodes: 92.946
---------------------------------------
Total T: 210057 Episode Num: 331 Episode T: 153 Reward: 89.728
Total T: 210134 Episode Num: 332 Episode T: 77 Reward: 94.645
Total T: 210289 Episode Num: 333 Episode T: 155 Reward: 89.741
Total T: 210423 Episode Num: 334 Episode T: 134 Reward: 90.516
Total T: 210508 Episode Num: 335 Episode T: 85 Reward: 94.299
Total T: 210586 Episode Num: 336 Episode T: 78 Reward: 94.396
Total T: 210740 Episode Num: 337 Episode T: 154 Reward: 89.067
Total T: 210817 Episode Num: 338 Episode T: 77 Reward: 94.573
Total T: 210894 Episode Num: 339 Episode T: 77 Reward: 94.695
Total T: 210977 Episode Num: 340 Episode T: 83 Reward: 93.811
Total T: 211069 Episode Num: 341 Episode T: 92 Reward: 93.918
Total T: 211219 Episode Num: 342 Episode T: 150 Reward: 89.475
Total T: 211377 Episode Num: 343 Episode T: 158 Reward: 89.220
Total T: 211463 Episode Num: 344 Episode T: 86 Reward: 94.039
Total T: 211547 Episode Num: 345 Episode T: 84 Reward: 94.231
Total T: 211698 Episode Num: 346 Episode T: 151 Reward: 90.139
Total T: 211790 Episode Num: 347 Episode T: 92 Reward: 93.947
Total T: 211945 Episode Num: 348 Episode T: 155 Reward: 89.655
Total T: 212023 Episode Num: 349 Episode T: 78 Reward: 94.580
Total T: 212180 Episode Num: 350 Episode T: 157 Reward: 89.377
Total T: 212261 Episode Num: 351 Episode T: 81 Reward: 94.282
Total T: 212429 Episode Num: 352 Episode T: 168 Reward: 88.786
Total T: 212515 Episode Num: 353 Episode T: 86 Reward: 93.810
Total T: 212663 Episode Num: 354 Episode T: 148 Reward: 90.500
Total T: 212747 Episode Num: 355 Episode T: 84 Reward: 94.393
Total T: 212847 Episode Num: 356 Episode T: 100 Reward: 92.980
Total T: 212932 Episode Num: 357 Episode T: 85 Reward: 94.261
Total T: 213091 Episode Num: 358 Episode T: 159 Reward: 89.640
Total T: 213238 Episode Num: 359 Episode T: 147 Reward: 89.786
Total T: 213317 Episode Num: 360 Episode T: 79 Reward: 94.570
Total T: 213472 Episode Num: 361 Episode T: 155 Reward: 89.462
Total T: 213557 Episode Num: 362 Episode T: 85 Reward: 94.811
Total T: 213633 Episode Num: 363 Episode T: 76 Reward: 94.522
Total T: 213710 Episode Num: 364 Episode T: 77 Reward: 94.888
Total T: 213805 Episode Num: 365 Episode T: 95 Reward: 93.710
Total T: 213956 Episode Num: 366 Episode T: 151 Reward: 90.134
Total T: 214099 Episode Num: 367 Episode T: 143 Reward: 90.628
Total T: 214186 Episode Num: 368 Episode T: 87 Reward: 94.286
Total T: 214265 Episode Num: 369 Episode T: 79 Reward: 94.183
Total T: 214348 Episode Num: 370 Episode T: 83 Reward: 93.936
Total T: 214427 Episode Num: 371 Episode T: 79 Reward: 94.375
Total T: 214572 Episode Num: 372 Episode T: 145 Reward: 90.265
Total T: 214660 Episode Num: 373 Episode T: 88 Reward: 94.030
Total T: 214745 Episode Num: 374 Episode T: 85 Reward: 94.027
Total T: 214836 Episode Num: 375 Episode T: 91 Reward: 93.755
Total T: 214997 Episode Num: 376 Episode T: 161 Reward: 89.156
---------------------------------------
Evaluation over 10 episodes: 93.029
---------------------------------------
Total T: 215071 Episode Num: 377 Episode T: 74 Reward: 94.662
Total T: 215149 Episode Num: 378 Episode T: 78 Reward: 94.419
Total T: 215227 Episode Num: 379 Episode T: 78 Reward: 94.104
Total T: 215371 Episode Num: 380 Episode T: 144 Reward: 90.622
Total T: 215447 Episode Num: 381 Episode T: 76 Reward: 94.412
Total T: 215529 Episode Num: 382 Episode T: 82 Reward: 94.560
Total T: 215605 Episode Num: 383 Episode T: 76 Reward: 94.520
Total T: 215751 Episode Num: 384 Episode T: 146 Reward: 89.569
Total T: 215835 Episode Num: 385 Episode T: 84 Reward: 93.992
Total T: 215928 Episode Num: 386 Episode T: 93 Reward: 93.555
Total T: 216007 Episode Num: 387 Episode T: 79 Reward: 94.144
Total T: 216146 Episode Num: 388 Episode T: 139 Reward: 90.918
Total T: 216291 Episode Num: 389 Episode T: 145 Reward: 90.451
Total T: 216438 Episode Num: 390 Episode T: 147 Reward: 91.124
Total T: 216519 Episode Num: 391 Episode T: 81 Reward: 94.390
Total T: 216659 Episode Num: 392 Episode T: 140 Reward: 91.706
Total T: 216736 Episode Num: 393 Episode T: 77 Reward: 94.592
Total T: 216876 Episode Num: 394 Episode T: 140 Reward: 90.237
Total T: 217012 Episode Num: 395 Episode T: 136 Reward: 90.627
Total T: 217096 Episode Num: 396 Episode T: 84 Reward: 94.083
Total T: 217190 Episode Num: 397 Episode T: 94 Reward: 93.490
Total T: 217332 Episode Num: 398 Episode T: 142 Reward: 90.922
Total T: 217423 Episode Num: 399 Episode T: 91 Reward: 93.624
Total T: 217501 Episode Num: 400 Episode T: 78 Reward: 94.675
Total T: 217578 Episode Num: 401 Episode T: 77 Reward: 94.847
Total T: 217656 Episode Num: 402 Episode T: 78 Reward: 94.327
Total T: 217800 Episode Num: 403 Episode T: 144 Reward: 91.015
Total T: 217883 Episode Num: 404 Episode T: 83 Reward: 94.578
Total T: 218030 Episode Num: 405 Episode T: 147 Reward: 90.841
Total T: 218170 Episode Num: 406 Episode T: 140 Reward: 90.706
Total T: 218252 Episode Num: 407 Episode T: 82 Reward: 94.137
Total T: 218392 Episode Num: 408 Episode T: 140 Reward: 90.369
Total T: 218472 Episode Num: 409 Episode T: 80 Reward: 94.188
Total T: 218548 Episode Num: 410 Episode T: 76 Reward: 94.422
Total T: 218692 Episode Num: 411 Episode T: 144 Reward: 90.516
Total T: 218767 Episode Num: 412 Episode T: 75 Reward: 94.114
Total T: 218912 Episode Num: 413 Episode T: 145 Reward: 90.736
Total T: 219049 Episode Num: 414 Episode T: 137 Reward: 90.930
Total T: 219190 Episode Num: 415 Episode T: 141 Reward: 90.858
Total T: 219266 Episode Num: 416 Episode T: 76 Reward: 94.542
Total T: 219351 Episode Num: 417 Episode T: 85 Reward: 94.580
Total T: 219426 Episode Num: 418 Episode T: 75 Reward: 94.495
Total T: 219565 Episode Num: 419 Episode T: 139 Reward: 89.787
Total T: 219653 Episode Num: 420 Episode T: 88 Reward: 94.521
Total T: 219787 Episode Num: 421 Episode T: 134 Reward: 91.101
Total T: 219924 Episode Num: 422 Episode T: 137 Reward: 90.819
---------------------------------------
Evaluation over 10 episodes: 93.135
---------------------------------------
Total T: 220009 Episode Num: 423 Episode T: 85 Reward: 94.352
Total T: 220146 Episode Num: 424 Episode T: 137 Reward: 91.100
Total T: 220289 Episode Num: 425 Episode T: 143 Reward: 90.444
Total T: 220429 Episode Num: 426 Episode T: 140 Reward: 90.696
Total T: 220575 Episode Num: 427 Episode T: 146 Reward: 89.906
Total T: 220649 Episode Num: 428 Episode T: 74 Reward: 94.092
Total T: 220789 Episode Num: 429 Episode T: 140 Reward: 89.720
Total T: 220930 Episode Num: 430 Episode T: 141 Reward: 89.749
Total T: 221010 Episode Num: 431 Episode T: 80 Reward: 93.812
Total T: 221094 Episode Num: 432 Episode T: 84 Reward: 94.243
Total T: 221182 Episode Num: 433 Episode T: 88 Reward: 94.274
Total T: 221258 Episode Num: 434 Episode T: 76 Reward: 94.476
Total T: 221339 Episode Num: 435 Episode T: 81 Reward: 94.291
Total T: 221422 Episode Num: 436 Episode T: 83 Reward: 94.859
Total T: 221567 Episode Num: 437 Episode T: 145 Reward: 90.608
Total T: 221705 Episode Num: 438 Episode T: 138 Reward: 90.159
Total T: 221794 Episode Num: 439 Episode T: 89 Reward: 93.530
Total T: 221935 Episode Num: 440 Episode T: 141 Reward: 91.225
Total T: 222046 Episode Num: 441 Episode T: 111 Reward: 92.959
Total T: 222129 Episode Num: 442 Episode T: 83 Reward: 94.195
Total T: 222215 Episode Num: 443 Episode T: 86 Reward: 93.613
Total T: 222297 Episode Num: 444 Episode T: 82 Reward: 94.478
Total T: 222440 Episode Num: 445 Episode T: 143 Reward: 91.114
Total T: 222545 Episode Num: 446 Episode T: 105 Reward: 93.372
Total T: 222623 Episode Num: 447 Episode T: 78 Reward: 94.055
Total T: 222700 Episode Num: 448 Episode T: 77 Reward: 95.017
Total T: 222808 Episode Num: 449 Episode T: 108 Reward: 92.601
Total T: 222918 Episode Num: 450 Episode T: 110 Reward: 92.667
Total T: 223001 Episode Num: 451 Episode T: 83 Reward: 94.425
Total T: 223101 Episode Num: 452 Episode T: 100 Reward: 92.731
Total T: 223185 Episode Num: 453 Episode T: 84 Reward: 94.561
Total T: 223292 Episode Num: 454 Episode T: 107 Reward: 92.931
Total T: 223396 Episode Num: 455 Episode T: 104 Reward: 92.784
Total T: 223516 Episode Num: 456 Episode T: 120 Reward: 91.876
Total T: 223605 Episode Num: 457 Episode T: 89 Reward: 94.483
Total T: 223716 Episode Num: 458 Episode T: 111 Reward: 93.160
Total T: 223821 Episode Num: 459 Episode T: 105 Reward: 92.627
Total T: 223902 Episode Num: 460 Episode T: 81 Reward: 94.277
Total T: 224012 Episode Num: 461 Episode T: 110 Reward: 92.731
Total T: 224115 Episode Num: 462 Episode T: 103 Reward: 92.532
Total T: 224200 Episode Num: 463 Episode T: 85 Reward: 94.041
Total T: 224304 Episode Num: 464 Episode T: 104 Reward: 92.643
Total T: 224414 Episode Num: 465 Episode T: 110 Reward: 92.420
Total T: 224498 Episode Num: 466 Episode T: 84 Reward: 94.616
Total T: 224612 Episode Num: 467 Episode T: 114 Reward: 92.319
Total T: 224718 Episode Num: 468 Episode T: 106 Reward: 92.571
Total T: 224825 Episode Num: 469 Episode T: 107 Reward: 92.221
Total T: 224930 Episode Num: 470 Episode T: 105 Reward: 92.894
---------------------------------------
Evaluation over 10 episodes: 90.646
---------------------------------------
Total T: 225036 Episode Num: 471 Episode T: 106 Reward: 92.170
Total T: 225146 Episode Num: 472 Episode T: 110 Reward: 92.134
Total T: 225259 Episode Num: 473 Episode T: 113 Reward: 92.865
Total T: 225356 Episode Num: 474 Episode T: 97 Reward: 93.849
Total T: 225476 Episode Num: 475 Episode T: 120 Reward: 91.585
Total T: 225579 Episode Num: 476 Episode T: 103 Reward: 93.450
Total T: 225690 Episode Num: 477 Episode T: 111 Reward: 92.585
Total T: 225795 Episode Num: 478 Episode T: 105 Reward: 92.839
Total T: 225902 Episode Num: 479 Episode T: 107 Reward: 92.163
Total T: 226030 Episode Num: 480 Episode T: 128 Reward: 91.440
Total T: 226136 Episode Num: 481 Episode T: 106 Reward: 91.893
Total T: 226243 Episode Num: 482 Episode T: 107 Reward: 92.475
Total T: 226355 Episode Num: 483 Episode T: 112 Reward: 93.203
Total T: 226463 Episode Num: 484 Episode T: 108 Reward: 92.297
Total T: 226572 Episode Num: 485 Episode T: 109 Reward: 91.973
Total T: 226679 Episode Num: 486 Episode T: 107 Reward: 93.024
Total T: 226794 Episode Num: 487 Episode T: 115 Reward: 92.822
Total T: 226909 Episode Num: 488 Episode T: 115 Reward: 93.540
Total T: 227018 Episode Num: 489 Episode T: 109 Reward: 92.502
Total T: 227128 Episode Num: 490 Episode T: 110 Reward: 92.738
Total T: 227246 Episode Num: 491 Episode T: 118 Reward: 92.458
Total T: 227353 Episode Num: 492 Episode T: 107 Reward: 92.312
Total T: 227468 Episode Num: 493 Episode T: 115 Reward: 92.944
Total T: 227586 Episode Num: 494 Episode T: 118 Reward: 91.836
Total T: 227701 Episode Num: 495 Episode T: 115 Reward: 92.878
Total T: 227819 Episode Num: 496 Episode T: 118 Reward: 92.441
Total T: 227926 Episode Num: 497 Episode T: 107 Reward: 92.593
Total T: 228031 Episode Num: 498 Episode T: 105 Reward: 92.635
Total T: 228155 Episode Num: 499 Episode T: 124 Reward: 91.580
Total T: 228269 Episode Num: 500 Episode T: 114 Reward: 92.650
Total T: 228377 Episode Num: 501 Episode T: 108 Reward: 92.653
Total T: 228485 Episode Num: 502 Episode T: 108 Reward: 92.627
Total T: 228604 Episode Num: 503 Episode T: 119 Reward: 91.994
Total T: 228709 Episode Num: 504 Episode T: 105 Reward: 92.675
Total T: 228821 Episode Num: 505 Episode T: 112 Reward: 92.621
Total T: 228937 Episode Num: 506 Episode T: 116 Reward: 92.344
Total T: 229055 Episode Num: 507 Episode T: 118 Reward: 91.741
Total T: 229159 Episode Num: 508 Episode T: 104 Reward: 92.585
Total T: 229269 Episode Num: 509 Episode T: 110 Reward: 92.662
Total T: 229387 Episode Num: 510 Episode T: 118 Reward: 91.436
Total T: 229497 Episode Num: 511 Episode T: 110 Reward: 92.294
Total T: 229613 Episode Num: 512 Episode T: 116 Reward: 92.123
Total T: 229721 Episode Num: 513 Episode T: 108 Reward: 92.576
Total T: 229842 Episode Num: 514 Episode T: 121 Reward: 91.854
Total T: 229950 Episode Num: 515 Episode T: 108 Reward: 92.709
---------------------------------------
Evaluation over 10 episodes: 90.169
---------------------------------------
Total T: 230081 Episode Num: 516 Episode T: 131 Reward: 91.351
Total T: 230192 Episode Num: 517 Episode T: 111 Reward: 92.428
Total T: 230308 Episode Num: 518 Episode T: 116 Reward: 91.939
Total T: 230422 Episode Num: 519 Episode T: 114 Reward: 92.850
Total T: 230537 Episode Num: 520 Episode T: 115 Reward: 91.920
Total T: 230646 Episode Num: 521 Episode T: 109 Reward: 92.336
Total T: 230756 Episode Num: 522 Episode T: 110 Reward: 92.501
Total T: 230868 Episode Num: 523 Episode T: 112 Reward: 92.501
Total T: 230981 Episode Num: 524 Episode T: 113 Reward: 92.409
Total T: 231097 Episode Num: 525 Episode T: 116 Reward: 92.876
Total T: 231211 Episode Num: 526 Episode T: 114 Reward: 91.597
Total T: 231322 Episode Num: 527 Episode T: 111 Reward: 91.763
Total T: 231427 Episode Num: 528 Episode T: 105 Reward: 92.424
Total T: 231541 Episode Num: 529 Episode T: 114 Reward: 92.531
Total T: 231661 Episode Num: 530 Episode T: 120 Reward: 92.200
Total T: 231772 Episode Num: 531 Episode T: 111 Reward: 92.188
Total T: 231882 Episode Num: 532 Episode T: 110 Reward: 93.004
Total T: 231987 Episode Num: 533 Episode T: 105 Reward: 92.399
Total T: 232100 Episode Num: 534 Episode T: 113 Reward: 92.160
Total T: 232209 Episode Num: 535 Episode T: 109 Reward: 91.915
Total T: 232370 Episode Num: 536 Episode T: 161 Reward: 88.889
Total T: 232513 Episode Num: 537 Episode T: 143 Reward: 91.064
Total T: 232619 Episode Num: 538 Episode T: 106 Reward: 93.014
Total T: 232730 Episode Num: 539 Episode T: 111 Reward: 92.411
Total T: 232848 Episode Num: 540 Episode T: 118 Reward: 92.273
Total T: 232960 Episode Num: 541 Episode T: 112 Reward: 92.788
Total T: 233074 Episode Num: 542 Episode T: 114 Reward: 92.719
Total T: 233188 Episode Num: 543 Episode T: 114 Reward: 92.933
Total T: 233300 Episode Num: 544 Episode T: 112 Reward: 92.096
Total T: 233402 Episode Num: 545 Episode T: 102 Reward: 93.021
Total T: 233512 Episode Num: 546 Episode T: 110 Reward: 92.250
Total T: 233621 Episode Num: 547 Episode T: 109 Reward: 93.053
Total T: 233725 Episode Num: 548 Episode T: 104 Reward: 92.204
Total T: 233829 Episode Num: 549 Episode T: 104 Reward: 92.754
Total T: 233951 Episode Num: 550 Episode T: 122 Reward: 92.459
Total T: 234063 Episode Num: 551 Episode T: 112 Reward: 92.403
Total T: 234169 Episode Num: 552 Episode T: 106 Reward: 92.400
Total T: 234278 Episode Num: 553 Episode T: 109 Reward: 93.087
Total T: 234388 Episode Num: 554 Episode T: 110 Reward: 92.708
Total T: 234498 Episode Num: 555 Episode T: 110 Reward: 92.500
Total T: 234609 Episode Num: 556 Episode T: 111 Reward: 92.422
Total T: 234718 Episode Num: 557 Episode T: 109 Reward: 92.602
Total T: 234833 Episode Num: 558 Episode T: 115 Reward: 92.587
Total T: 234940 Episode Num: 559 Episode T: 107 Reward: 92.930
---------------------------------------
Evaluation over 10 episodes: 90.501
---------------------------------------
Total T: 235044 Episode Num: 560 Episode T: 104 Reward: 92.846
Total T: 235151 Episode Num: 561 Episode T: 107 Reward: 92.980
Total T: 235254 Episode Num: 562 Episode T: 103 Reward: 92.641
Total T: 235362 Episode Num: 563 Episode T: 108 Reward: 92.307
Total T: 235475 Episode Num: 564 Episode T: 113 Reward: 92.311
Total T: 235575 Episode Num: 565 Episode T: 100 Reward: 92.275
Total T: 235680 Episode Num: 566 Episode T: 105 Reward: 92.857
Total T: 235781 Episode Num: 567 Episode T: 101 Reward: 92.281
Total T: 235889 Episode Num: 568 Episode T: 108 Reward: 92.541
Total T: 235990 Episode Num: 569 Episode T: 101 Reward: 92.185
Total T: 236100 Episode Num: 570 Episode T: 110 Reward: 91.741
Total T: 236206 Episode Num: 571 Episode T: 106 Reward: 92.930
Total T: 236313 Episode Num: 572 Episode T: 107 Reward: 92.484
Total T: 236423 Episode Num: 573 Episode T: 110 Reward: 93.243
Total T: 236528 Episode Num: 574 Episode T: 105 Reward: 92.308
Total T: 236634 Episode Num: 575 Episode T: 106 Reward: 92.457
Total T: 236744 Episode Num: 576 Episode T: 110 Reward: 92.573
Total T: 236849 Episode Num: 577 Episode T: 105 Reward: 92.413
Total T: 236956 Episode Num: 578 Episode T: 107 Reward: 92.697
Total T: 237065 Episode Num: 579 Episode T: 109 Reward: 92.717
Total T: 237172 Episode Num: 580 Episode T: 107 Reward: 92.709
Total T: 237282 Episode Num: 581 Episode T: 110 Reward: 92.350
Total T: 237388 Episode Num: 582 Episode T: 106 Reward: 93.106
Total T: 237486 Episode Num: 583 Episode T: 98 Reward: 93.693
Total T: 237595 Episode Num: 584 Episode T: 109 Reward: 93.177
Total T: 237683 Episode Num: 585 Episode T: 88 Reward: 94.163
Total T: 237794 Episode Num: 586 Episode T: 111 Reward: 92.338
Total T: 237894 Episode Num: 587 Episode T: 100 Reward: 92.978
Total T: 237995 Episode Num: 588 Episode T: 101 Reward: 93.648
Total T: 238097 Episode Num: 589 Episode T: 102 Reward: 92.586
Total T: 238176 Episode Num: 590 Episode T: 79 Reward: 95.115
Total T: 238281 Episode Num: 591 Episode T: 105 Reward: 93.100
Total T: 238386 Episode Num: 592 Episode T: 105 Reward: 92.872
Total T: 238491 Episode Num: 593 Episode T: 105 Reward: 92.861
Total T: 238583 Episode Num: 594 Episode T: 92 Reward: 93.055
Total T: 238684 Episode Num: 595 Episode T: 101 Reward: 92.918
Total T: 238790 Episode Num: 596 Episode T: 106 Reward: 92.994
Total T: 238894 Episode Num: 597 Episode T: 104 Reward: 92.767
Total T: 238996 Episode Num: 598 Episode T: 102 Reward: 93.051
Total T: 239102 Episode Num: 599 Episode T: 106 Reward: 93.023
Total T: 239204 Episode Num: 600 Episode T: 102 Reward: 92.729
Total T: 239306 Episode Num: 601 Episode T: 102 Reward: 92.899
Total T: 239381 Episode Num: 602 Episode T: 75 Reward: 94.315
Total T: 239468 Episode Num: 603 Episode T: 87 Reward: 94.381
Total T: 239570 Episode Num: 604 Episode T: 102 Reward: 93.643
Total T: 239672 Episode Num: 605 Episode T: 102 Reward: 92.483
Total T: 239777 Episode Num: 606 Episode T: 105 Reward: 92.970
Total T: 239882 Episode Num: 607 Episode T: 105 Reward: 92.718
Total T: 239978 Episode Num: 608 Episode T: 96 Reward: 93.805
---------------------------------------
Evaluation over 10 episodes: 92.485
---------------------------------------
Total T: 240116 Episode Num: 609 Episode T: 138 Reward: 90.372
Total T: 240199 Episode Num: 610 Episode T: 83 Reward: 94.280
Total T: 240278 Episode Num: 611 Episode T: 79 Reward: 94.930
Total T: 240359 Episode Num: 612 Episode T: 81 Reward: 94.775
Total T: 240437 Episode Num: 613 Episode T: 78 Reward: 95.029
Total T: 240512 Episode Num: 614 Episode T: 75 Reward: 94.411
Total T: 240655 Episode Num: 615 Episode T: 143 Reward: 90.818
Total T: 240810 Episode Num: 616 Episode T: 155 Reward: 89.870
Total T: 240911 Episode Num: 617 Episode T: 101 Reward: 92.518
Total T: 241040 Episode Num: 618 Episode T: 129 Reward: 91.185
Total T: 241126 Episode Num: 619 Episode T: 86 Reward: 93.997
Total T: 241203 Episode Num: 620 Episode T: 77 Reward: 94.303
Total T: 241285 Episode Num: 621 Episode T: 82 Reward: 93.914
Total T: 241389 Episode Num: 622 Episode T: 104 Reward: 92.764
Total T: 241559 Episode Num: 623 Episode T: 170 Reward: 88.066
Total T: 241650 Episode Num: 624 Episode T: 91 Reward: 93.980
Total T: 241824 Episode Num: 625 Episode T: 174 Reward: 88.765
Total T: 241991 Episode Num: 626 Episode T: 167 Reward: 88.503
Total T: 242067 Episode Num: 627 Episode T: 76 Reward: 94.184
Total T: 242150 Episode Num: 628 Episode T: 83 Reward: 94.060
Total T: 242228 Episode Num: 629 Episode T: 78 Reward: 94.558
Total T: 242334 Episode Num: 630 Episode T: 106 Reward: 92.653
Total T: 242483 Episode Num: 631 Episode T: 149 Reward: 90.556
Total T: 242587 Episode Num: 632 Episode T: 104 Reward: 93.195
Total T: 242755 Episode Num: 633 Episode T: 168 Reward: 88.762
Total T: 242923 Episode Num: 634 Episode T: 168 Reward: 89.536
Total T: 243005 Episode Num: 635 Episode T: 82 Reward: 94.291
Total T: 243161 Episode Num: 636 Episode T: 156 Reward: 90.140
Total T: 243324 Episode Num: 637 Episode T: 163 Reward: 89.060
Total T: 243462 Episode Num: 638 Episode T: 138 Reward: 91.397
Total T: 243544 Episode Num: 639 Episode T: 82 Reward: 94.698
Total T: 243620 Episode Num: 640 Episode T: 76 Reward: 94.739
Total T: 243705 Episode Num: 641 Episode T: 85 Reward: 94.875
Total T: 243871 Episode Num: 642 Episode T: 166 Reward: 88.938
Total T: 243953 Episode Num: 643 Episode T: 82 Reward: 93.935
Total T: 244038 Episode Num: 644 Episode T: 85 Reward: 94.488
Total T: 244138 Episode Num: 645 Episode T: 100 Reward: 93.222
Total T: 244283 Episode Num: 646 Episode T: 145 Reward: 90.627
Total T: 244426 Episode Num: 647 Episode T: 143 Reward: 91.220
Total T: 244503 Episode Num: 648 Episode T: 77 Reward: 94.412
Total T: 244584 Episode Num: 649 Episode T: 81 Reward: 94.609
Total T: 244729 Episode Num: 650 Episode T: 145 Reward: 90.432
Total T: 244821 Episode Num: 651 Episode T: 92 Reward: 93.417
Total T: 244961 Episode Num: 652 Episode T: 140 Reward: 91.007
---------------------------------------
Evaluation over 10 episodes: 93.131
---------------------------------------
Total T: 245070 Episode Num: 653 Episode T: 109 Reward: 92.560
Total T: 245211 Episode Num: 654 Episode T: 141 Reward: 90.113
Total T: 245286 Episode Num: 655 Episode T: 75 Reward: 94.448
Total T: 245419 Episode Num: 656 Episode T: 133 Reward: 91.514
Total T: 245501 Episode Num: 657 Episode T: 82 Reward: 94.568
Total T: 245576 Episode Num: 658 Episode T: 75 Reward: 94.704
Total T: 245710 Episode Num: 659 Episode T: 134 Reward: 91.212
Total T: 245806 Episode Num: 660 Episode T: 96 Reward: 93.447
Total T: 245889 Episode Num: 661 Episode T: 83 Reward: 94.603
Total T: 245967 Episode Num: 662 Episode T: 78 Reward: 94.922
Total T: 246115 Episode Num: 663 Episode T: 148 Reward: 89.722
Total T: 246194 Episode Num: 664 Episode T: 79 Reward: 94.690
Total T: 246272 Episode Num: 665 Episode T: 78 Reward: 94.649
Total T: 246431 Episode Num: 666 Episode T: 159 Reward: 89.532
Total T: 246574 Episode Num: 667 Episode T: 143 Reward: 89.981
Total T: 246653 Episode Num: 668 Episode T: 79 Reward: 94.633
Total T: 246796 Episode Num: 669 Episode T: 143 Reward: 90.781
Total T: 246885 Episode Num: 670 Episode T: 89 Reward: 93.382
Total T: 246976 Episode Num: 671 Episode T: 91 Reward: 94.193
Total T: 247116 Episode Num: 672 Episode T: 140 Reward: 91.125
Total T: 247210 Episode Num: 673 Episode T: 94 Reward: 93.502
Total T: 247376 Episode Num: 674 Episode T: 166 Reward: 88.957
Total T: 247460 Episode Num: 675 Episode T: 84 Reward: 94.080
Total T: 247603 Episode Num: 676 Episode T: 143 Reward: 90.662
Total T: 247686 Episode Num: 677 Episode T: 83 Reward: 94.400
Total T: 247783 Episode Num: 678 Episode T: 97 Reward: 93.662
Total T: 247862 Episode Num: 679 Episode T: 79 Reward: 94.658
Total T: 247940 Episode Num: 680 Episode T: 78 Reward: 94.440
Total T: 248019 Episode Num: 681 Episode T: 79 Reward: 95.042
Total T: 248105 Episode Num: 682 Episode T: 86 Reward: 94.240
Total T: 248181 Episode Num: 683 Episode T: 76 Reward: 94.732
Total T: 248261 Episode Num: 684 Episode T: 80 Reward: 94.007
Total T: 248393 Episode Num: 685 Episode T: 132 Reward: 91.161
Total T: 248560 Episode Num: 686 Episode T: 167 Reward: 89.458
Total T: 248640 Episode Num: 687 Episode T: 80 Reward: 94.700
Total T: 248717 Episode Num: 688 Episode T: 77 Reward: 94.651
Total T: 248834 Episode Num: 689 Episode T: 117 Reward: 92.127
Total T: 248934 Episode Num: 690 Episode T: 100 Reward: 93.458
Total T: 249010 Episode Num: 691 Episode T: 76 Reward: 94.396
Total T: 249104 Episode Num: 692 Episode T: 94 Reward: 94.409
Total T: 249179 Episode Num: 693 Episode T: 75 Reward: 94.536
Total T: 249335 Episode Num: 694 Episode T: 156 Reward: 88.775
Total T: 249410 Episode Num: 695 Episode T: 75 Reward: 94.493
Total T: 249564 Episode Num: 696 Episode T: 154 Reward: 89.296
Total T: 249703 Episode Num: 697 Episode T: 139 Reward: 91.376
Total T: 249868 Episode Num: 698 Episode T: 165 Reward: 88.933
Total T: 249951 Episode Num: 699 Episode T: 83 Reward: 94.528
---------------------------------------
Evaluation over 10 episodes: 93.274
---------------------------------------
Total T: 250026 Episode Num: 700 Episode T: 75 Reward: 94.946
Total T: 250160 Episode Num: 701 Episode T: 134 Reward: 90.614
Total T: 250245 Episode Num: 702 Episode T: 85 Reward: 93.984
Total T: 250333 Episode Num: 703 Episode T: 88 Reward: 94.416
Total T: 250473 Episode Num: 704 Episode T: 140 Reward: 89.950
Total T: 250627 Episode Num: 705 Episode T: 154 Reward: 89.430
Total T: 250772 Episode Num: 706 Episode T: 145 Reward: 89.974
Total T: 250862 Episode Num: 707 Episode T: 90 Reward: 94.586
Total T: 250944 Episode Num: 708 Episode T: 82 Reward: 94.132
Total T: 251082 Episode Num: 709 Episode T: 138 Reward: 91.373
Total T: 251157 Episode Num: 710 Episode T: 75 Reward: 94.367
Total T: 251297 Episode Num: 711 Episode T: 140 Reward: 90.511
Total T: 251381 Episode Num: 712 Episode T: 84 Reward: 94.676
Total T: 251462 Episode Num: 713 Episode T: 81 Reward: 93.962
Total T: 251606 Episode Num: 714 Episode T: 144 Reward: 90.173
Total T: 251685 Episode Num: 715 Episode T: 79 Reward: 94.373
Total T: 251827 Episode Num: 716 Episode T: 142 Reward: 91.463
Total T: 251962 Episode Num: 717 Episode T: 135 Reward: 90.734
Total T: 252041 Episode Num: 718 Episode T: 79 Reward: 94.897
Total T: 252119 Episode Num: 719 Episode T: 78 Reward: 94.449
Total T: 252218 Episode Num: 720 Episode T: 99 Reward: 93.294
Total T: 252300 Episode Num: 721 Episode T: 82 Reward: 94.365
Total T: 252382 Episode Num: 722 Episode T: 82 Reward: 94.238
Total T: 252551 Episode Num: 723 Episode T: 169 Reward: 89.247
Total T: 252631 Episode Num: 724 Episode T: 80 Reward: 94.323
Total T: 252709 Episode Num: 725 Episode T: 78 Reward: 94.938
Total T: 252837 Episode Num: 726 Episode T: 128 Reward: 91.654
Total T: 252931 Episode Num: 727 Episode T: 94 Reward: 93.158
Total T: 253009 Episode Num: 728 Episode T: 78 Reward: 94.625
Total T: 253100 Episode Num: 729 Episode T: 91 Reward: 94.314
Total T: 253237 Episode Num: 730 Episode T: 137 Reward: 90.689
Total T: 253315 Episode Num: 731 Episode T: 78 Reward: 94.489
Total T: 253393 Episode Num: 732 Episode T: 78 Reward: 94.264
Total T: 253494 Episode Num: 733 Episode T: 101 Reward: 93.067
Total T: 253587 Episode Num: 734 Episode T: 93 Reward: 93.929
Total T: 253724 Episode Num: 735 Episode T: 137 Reward: 91.702
Total T: 253809 Episode Num: 736 Episode T: 85 Reward: 94.099
Total T: 253953 Episode Num: 737 Episode T: 144 Reward: 90.190
Total T: 254033 Episode Num: 738 Episode T: 80 Reward: 94.548
Total T: 254113 Episode Num: 739 Episode T: 80 Reward: 94.307
Total T: 254189 Episode Num: 740 Episode T: 76 Reward: 94.461
Total T: 254350 Episode Num: 741 Episode T: 161 Reward: 88.276
Total T: 254425 Episode Num: 742 Episode T: 75 Reward: 94.165
Total T: 254502 Episode Num: 743 Episode T: 77 Reward: 94.484
Total T: 254656 Episode Num: 744 Episode T: 154 Reward: 88.790
Total T: 254744 Episode Num: 745 Episode T: 88 Reward: 94.126
Total T: 254821 Episode Num: 746 Episode T: 77 Reward: 94.636
Total T: 254954 Episode Num: 747 Episode T: 133 Reward: 91.712
---------------------------------------
Evaluation over 10 episodes: 93.286
---------------------------------------
Total T: 255033 Episode Num: 748 Episode T: 79 Reward: 94.912
Total T: 255113 Episode Num: 749 Episode T: 80 Reward: 94.674
Total T: 255192 Episode Num: 750 Episode T: 79 Reward: 94.394
Total T: 255277 Episode Num: 751 Episode T: 85 Reward: 95.081
Total T: 255428 Episode Num: 752 Episode T: 151 Reward: 89.916
Total T: 255531 Episode Num: 753 Episode T: 103 Reward: 92.746
Total T: 255606 Episode Num: 754 Episode T: 75 Reward: 94.757
Total T: 255738 Episode Num: 755 Episode T: 132 Reward: 90.963
Total T: 255813 Episode Num: 756 Episode T: 75 Reward: 94.477
Total T: 255949 Episode Num: 757 Episode T: 136 Reward: 90.888
Total T: 256025 Episode Num: 758 Episode T: 76 Reward: 94.751
Total T: 256109 Episode Num: 759 Episode T: 84 Reward: 94.361
Total T: 256189 Episode Num: 760 Episode T: 80 Reward: 94.409
Total T: 256334 Episode Num: 761 Episode T: 145 Reward: 90.675
Total T: 256415 Episode Num: 762 Episode T: 81 Reward: 94.179
Total T: 256491 Episode Num: 763 Episode T: 76 Reward: 94.507
Total T: 256637 Episode Num: 764 Episode T: 146 Reward: 89.847
Total T: 256801 Episode Num: 765 Episode T: 164 Reward: 88.022
Total T: 256877 Episode Num: 766 Episode T: 76 Reward: 94.728
Total T: 256956 Episode Num: 767 Episode T: 79 Reward: 94.749
Total T: 257111 Episode Num: 768 Episode T: 155 Reward: 89.499
Total T: 257194 Episode Num: 769 Episode T: 83 Reward: 94.602
Total T: 257332 Episode Num: 770 Episode T: 138 Reward: 90.922
Total T: 257409 Episode Num: 771 Episode T: 77 Reward: 94.482
Total T: 257498 Episode Num: 772 Episode T: 89 Reward: 94.141
Total T: 257633 Episode Num: 773 Episode T: 135 Reward: 91.159
Total T: 257786 Episode Num: 774 Episode T: 153 Reward: 89.662
Total T: 257927 Episode Num: 775 Episode T: 141 Reward: 89.983
Total T: 258004 Episode Num: 776 Episode T: 77 Reward: 94.957
Total T: 258082 Episode Num: 777 Episode T: 78 Reward: 94.530
Total T: 258171 Episode Num: 778 Episode T: 89 Reward: 94.083
Total T: 258245 Episode Num: 779 Episode T: 74 Reward: 94.689
Total T: 258383 Episode Num: 780 Episode T: 138 Reward: 90.071
Total T: 258529 Episode Num: 781 Episode T: 146 Reward: 89.815
Total T: 258670 Episode Num: 782 Episode T: 141 Reward: 90.036
Total T: 258747 Episode Num: 783 Episode T: 77 Reward: 94.865
Total T: 258822 Episode Num: 784 Episode T: 75 Reward: 94.413
Total T: 258971 Episode Num: 785 Episode T: 149 Reward: 89.794
Total T: 259072 Episode Num: 786 Episode T: 101 Reward: 92.993
Total T: 259146 Episode Num: 787 Episode T: 74 Reward: 94.629
Total T: 259283 Episode Num: 788 Episode T: 137 Reward: 90.831
Total T: 259447 Episode Num: 789 Episode T: 164 Reward: 88.139
Total T: 259534 Episode Num: 790 Episode T: 87 Reward: 93.866
Total T: 259612 Episode Num: 791 Episode T: 78 Reward: 94.163
Total T: 259691 Episode Num: 792 Episode T: 79 Reward: 94.362
Total T: 259833 Episode Num: 793 Episode T: 142 Reward: 91.257
Total T: 259909 Episode Num: 794 Episode T: 76 Reward: 95.292
Total T: 259987 Episode Num: 795 Episode T: 78 Reward: 94.519
---------------------------------------
Evaluation over 10 episodes: 93.075
---------------------------------------
Total T: 260124 Episode Num: 796 Episode T: 137 Reward: 91.431
Total T: 260204 Episode Num: 797 Episode T: 80 Reward: 94.787
Total T: 260280 Episode Num: 798 Episode T: 76 Reward: 94.835
Total T: 260355 Episode Num: 799 Episode T: 75 Reward: 94.490
Total T: 260500 Episode Num: 800 Episode T: 145 Reward: 90.366
Total T: 260641 Episode Num: 801 Episode T: 141 Reward: 91.094
Total T: 260741 Episode Num: 802 Episode T: 100 Reward: 93.326
Total T: 260827 Episode Num: 803 Episode T: 86 Reward: 94.924
Total T: 260905 Episode Num: 804 Episode T: 78 Reward: 94.090
Total T: 261031 Episode Num: 805 Episode T: 126 Reward: 91.003
Total T: 261113 Episode Num: 806 Episode T: 82 Reward: 94.831
Total T: 261191 Episode Num: 807 Episode T: 78 Reward: 94.940
Total T: 261410 Episode Num: 808 Episode T: 219 Reward: 84.632
Total T: 261551 Episode Num: 809 Episode T: 141 Reward: 90.023
Total T: 261626 Episode Num: 810 Episode T: 75 Reward: 94.740
Total T: 261706 Episode Num: 811 Episode T: 80 Reward: 94.596
Total T: 261779 Episode Num: 812 Episode T: 73 Reward: 94.383
Total T: 261910 Episode Num: 813 Episode T: 131 Reward: 91.306
Total T: 262059 Episode Num: 814 Episode T: 149 Reward: 90.287
Total T: 262196 Episode Num: 815 Episode T: 137 Reward: 90.602
Total T: 262326 Episode Num: 816 Episode T: 130 Reward: 91.339
Total T: 262402 Episode Num: 817 Episode T: 76 Reward: 94.831
Total T: 262543 Episode Num: 818 Episode T: 141 Reward: 90.682
Total T: 262702 Episode Num: 819 Episode T: 159 Reward: 87.790
Total T: 262836 Episode Num: 820 Episode T: 134 Reward: 90.865
Total T: 262916 Episode Num: 821 Episode T: 80 Reward: 94.532
Total T: 262991 Episode Num: 822 Episode T: 75 Reward: 94.041
Total T: 263139 Episode Num: 823 Episode T: 148 Reward: 90.267
Total T: 263311 Episode Num: 824 Episode T: 172 Reward: 88.610
Total T: 263450 Episode Num: 825 Episode T: 139 Reward: 90.894
Total T: 263531 Episode Num: 826 Episode T: 81 Reward: 94.471
Total T: 263610 Episode Num: 827 Episode T: 79 Reward: 94.474
Total T: 263701 Episode Num: 828 Episode T: 91 Reward: 93.305
Total T: 263841 Episode Num: 829 Episode T: 140 Reward: 90.759
Total T: 263916 Episode Num: 830 Episode T: 75 Reward: 94.213
Total T: 263995 Episode Num: 831 Episode T: 79 Reward: 94.675
Total T: 264077 Episode Num: 832 Episode T: 82 Reward: 94.710
Total T: 264157 Episode Num: 833 Episode T: 80 Reward: 94.810
Total T: 264240 Episode Num: 834 Episode T: 83 Reward: 94.561
Total T: 264320 Episode Num: 835 Episode T: 80 Reward: 94.921
Total T: 264406 Episode Num: 836 Episode T: 86 Reward: 94.018
Total T: 264538 Episode Num: 837 Episode T: 132 Reward: 91.440
Total T: 264629 Episode Num: 838 Episode T: 91 Reward: 93.278
Total T: 264714 Episode Num: 839 Episode T: 85 Reward: 93.939
Total T: 264841 Episode Num: 840 Episode T: 127 Reward: 92.085
Total T: 264990 Episode Num: 841 Episode T: 149 Reward: 90.267
---------------------------------------
Evaluation over 10 episodes: 93.168
---------------------------------------
Total T: 265160 Episode Num: 842 Episode T: 170 Reward: 88.690
Total T: 265360 Episode Num: 843 Episode T: 200 Reward: 87.417
Total T: 265507 Episode Num: 844 Episode T: 147 Reward: 89.885
Total T: 265590 Episode Num: 845 Episode T: 83 Reward: 94.344
Total T: 265665 Episode Num: 846 Episode T: 75 Reward: 95.038
Total T: 265743 Episode Num: 847 Episode T: 78 Reward: 94.395
Total T: 265900 Episode Num: 848 Episode T: 157 Reward: 88.880
Total T: 265981 Episode Num: 849 Episode T: 81 Reward: 94.334
Total T: 266056 Episode Num: 850 Episode T: 75 Reward: 94.707
Total T: 266196 Episode Num: 851 Episode T: 140 Reward: 91.144
Total T: 266346 Episode Num: 852 Episode T: 150 Reward: 90.936
Total T: 266497 Episode Num: 853 Episode T: 151 Reward: 90.270
Total T: 266636 Episode Num: 854 Episode T: 139 Reward: 90.460
Total T: 266732 Episode Num: 855 Episode T: 96 Reward: 93.074
Total T: 266826 Episode Num: 856 Episode T: 94 Reward: 93.463
Total T: 266948 Episode Num: 857 Episode T: 122 Reward: 90.952
Total T: 267127 Episode Num: 858 Episode T: 179 Reward: 88.053
Total T: 267267 Episode Num: 859 Episode T: 140 Reward: 90.971
Total T: 267379 Episode Num: 860 Episode T: 112 Reward: 92.350
Total T: 267513 Episode Num: 861 Episode T: 134 Reward: 91.150
Total T: 267609 Episode Num: 862 Episode T: 96 Reward: 93.363
Total T: 267775 Episode Num: 863 Episode T: 166 Reward: 88.695
Total T: 267880 Episode Num: 864 Episode T: 105 Reward: 92.787
Total T: 267978 Episode Num: 865 Episode T: 98 Reward: 93.332
Total T: 268140 Episode Num: 866 Episode T: 162 Reward: 89.082
Total T: 268220 Episode Num: 867 Episode T: 80 Reward: 94.901
Total T: 268298 Episode Num: 868 Episode T: 78 Reward: 94.534
Total T: 268431 Episode Num: 869 Episode T: 133 Reward: 91.160
Total T: 268576 Episode Num: 870 Episode T: 145 Reward: 90.149
Total T: 268652 Episode Num: 871 Episode T: 76 Reward: 94.531
Total T: 268787 Episode Num: 872 Episode T: 135 Reward: 90.811
Total T: 268871 Episode Num: 873 Episode T: 84 Reward: 93.908
Total T: 268953 Episode Num: 874 Episode T: 82 Reward: 94.551
Total T: 269030 Episode Num: 875 Episode T: 77 Reward: 94.959
Total T: 269109 Episode Num: 876 Episode T: 79 Reward: 93.992
Total T: 269194 Episode Num: 877 Episode T: 85 Reward: 94.128
Total T: 269274 Episode Num: 878 Episode T: 80 Reward: 94.374
Total T: 269362 Episode Num: 879 Episode T: 88 Reward: 94.031
Total T: 269496 Episode Num: 880 Episode T: 134 Reward: 92.106
Total T: 269580 Episode Num: 881 Episode T: 84 Reward: 94.061
Total T: 269671 Episode Num: 882 Episode T: 91 Reward: 93.790
Total T: 269754 Episode Num: 883 Episode T: 83 Reward: 94.540
Total T: 269900 Episode Num: 884 Episode T: 146 Reward: 90.426
---------------------------------------
Evaluation over 10 episodes: 93.182
---------------------------------------
Total T: 270009 Episode Num: 885 Episode T: 109 Reward: 92.294
Total T: 270087 Episode Num: 886 Episode T: 78 Reward: 95.095
Total T: 270161 Episode Num: 887 Episode T: 74 Reward: 94.881
Total T: 270247 Episode Num: 888 Episode T: 86 Reward: 94.105
Total T: 270323 Episode Num: 889 Episode T: 76 Reward: 94.863
Total T: 270400 Episode Num: 890 Episode T: 77 Reward: 95.008
Total T: 270538 Episode Num: 891 Episode T: 138 Reward: 91.010
Total T: 270615 Episode Num: 892 Episode T: 77 Reward: 94.904
Total T: 270785 Episode Num: 893 Episode T: 170 Reward: 88.047
Total T: 270871 Episode Num: 894 Episode T: 86 Reward: 93.853
Total T: 271029 Episode Num: 895 Episode T: 158 Reward: 89.161
Total T: 271125 Episode Num: 896 Episode T: 96 Reward: 93.614
Total T: 271206 Episode Num: 897 Episode T: 81 Reward: 94.620
Total T: 271299 Episode Num: 898 Episode T: 93 Reward: 93.591
Total T: 271377 Episode Num: 899 Episode T: 78 Reward: 93.942
Total T: 271513 Episode Num: 900 Episode T: 136 Reward: 91.107
Total T: 271600 Episode Num: 901 Episode T: 87 Reward: 93.968
Total T: 271748 Episode Num: 902 Episode T: 148 Reward: 90.927
Total T: 271822 Episode Num: 903 Episode T: 74 Reward: 94.603
Total T: 271966 Episode Num: 904 Episode T: 144 Reward: 90.546
Total T: 272102 Episode Num: 905 Episode T: 136 Reward: 91.361
Total T: 272180 Episode Num: 906 Episode T: 78 Reward: 94.501
Total T: 272260 Episode Num: 907 Episode T: 80 Reward: 94.161
Total T: 272346 Episode Num: 908 Episode T: 86 Reward: 94.572
Total T: 272426 Episode Num: 909 Episode T: 80 Reward: 94.953
Total T: 272568 Episode Num: 910 Episode T: 142 Reward: 89.781
Total T: 272711 Episode Num: 911 Episode T: 143 Reward: 90.071
Total T: 272805 Episode Num: 912 Episode T: 94 Reward: 93.056
Total T: 272892 Episode Num: 913 Episode T: 87 Reward: 94.068
Total T: 273050 Episode Num: 914 Episode T: 158 Reward: 89.078
Total T: 273129 Episode Num: 915 Episode T: 79 Reward: 93.562
Total T: 273290 Episode Num: 916 Episode T: 161 Reward: 89.179
Total T: 273379 Episode Num: 917 Episode T: 89 Reward: 93.352
Total T: 273463 Episode Num: 918 Episode T: 84 Reward: 94.235
Total T: 273615 Episode Num: 919 Episode T: 152 Reward: 89.295
Total T: 273707 Episode Num: 920 Episode T: 92 Reward: 93.452
Total T: 273795 Episode Num: 921 Episode T: 88 Reward: 94.186
Total T: 273934 Episode Num: 922 Episode T: 139 Reward: 90.692
Total T: 274035 Episode Num: 923 Episode T: 101 Reward: 93.053
Total T: 274126 Episode Num: 924 Episode T: 91 Reward: 93.964
Total T: 274214 Episode Num: 925 Episode T: 88 Reward: 93.835
Total T: 274295 Episode Num: 926 Episode T: 81 Reward: 94.219
Total T: 274369 Episode Num: 927 Episode T: 74 Reward: 94.605
Total T: 274445 Episode Num: 928 Episode T: 76 Reward: 94.450
Total T: 274529 Episode Num: 929 Episode T: 84 Reward: 94.277
Total T: 274607 Episode Num: 930 Episode T: 78 Reward: 94.522
Total T: 274693 Episode Num: 931 Episode T: 86 Reward: 94.724
Total T: 274768 Episode Num: 932 Episode T: 75 Reward: 94.742
Total T: 274845 Episode Num: 933 Episode T: 77 Reward: 94.912
Total T: 274921 Episode Num: 934 Episode T: 76 Reward: 94.331
---------------------------------------
Evaluation over 10 episodes: 93.286
---------------------------------------
Total T: 275076 Episode Num: 935 Episode T: 155 Reward: 90.067
Total T: 275151 Episode Num: 936 Episode T: 75 Reward: 94.487
Total T: 275296 Episode Num: 937 Episode T: 145 Reward: 90.853
Total T: 275372 Episode Num: 938 Episode T: 76 Reward: 94.583
Total T: 275469 Episode Num: 939 Episode T: 97 Reward: 92.964
Total T: 275628 Episode Num: 940 Episode T: 159 Reward: 89.342
Total T: 275704 Episode Num: 941 Episode T: 76 Reward: 94.665
Total T: 275858 Episode Num: 942 Episode T: 154 Reward: 89.800
Total T: 275931 Episode Num: 943 Episode T: 73 Reward: 94.520
Total T: 276063 Episode Num: 944 Episode T: 132 Reward: 91.411
Total T: 276203 Episode Num: 945 Episode T: 140 Reward: 91.076
Total T: 276277 Episode Num: 946 Episode T: 74 Reward: 94.343
Total T: 276358 Episode Num: 947 Episode T: 81 Reward: 94.318
Total T: 276438 Episode Num: 948 Episode T: 80 Reward: 93.652
Total T: 276521 Episode Num: 949 Episode T: 83 Reward: 94.446
Total T: 276597 Episode Num: 950 Episode T: 76 Reward: 94.508
Total T: 276682 Episode Num: 951 Episode T: 85 Reward: 94.410
Total T: 276771 Episode Num: 952 Episode T: 89 Reward: 94.259
Total T: 276916 Episode Num: 953 Episode T: 145 Reward: 89.890
Total T: 277053 Episode Num: 954 Episode T: 137 Reward: 90.608
Total T: 277149 Episode Num: 955 Episode T: 96 Reward: 93.683
Total T: 277233 Episode Num: 956 Episode T: 84 Reward: 94.134
Total T: 277333 Episode Num: 957 Episode T: 100 Reward: 93.239
Total T: 277485 Episode Num: 958 Episode T: 152 Reward: 89.776
Total T: 277632 Episode Num: 959 Episode T: 147 Reward: 89.674
Total T: 277711 Episode Num: 960 Episode T: 79 Reward: 94.413
Total T: 277852 Episode Num: 961 Episode T: 141 Reward: 91.231
Total T: 277934 Episode Num: 962 Episode T: 82 Reward: 94.649
Total T: 278063 Episode Num: 963 Episode T: 129 Reward: 91.203
Total T: 278145 Episode Num: 964 Episode T: 82 Reward: 94.893
Total T: 278310 Episode Num: 965 Episode T: 165 Reward: 88.981
Total T: 278382 Episode Num: 966 Episode T: 72 Reward: 94.031
Total T: 278461 Episode Num: 967 Episode T: 79 Reward: 94.584
Total T: 278548 Episode Num: 968 Episode T: 87 Reward: 93.923
Total T: 278688 Episode Num: 969 Episode T: 140 Reward: 90.404
Total T: 278771 Episode Num: 970 Episode T: 83 Reward: 94.795
Total T: 278851 Episode Num: 971 Episode T: 80 Reward: 94.858
Total T: 278994 Episode Num: 972 Episode T: 143 Reward: 90.798
Total T: 279128 Episode Num: 973 Episode T: 134 Reward: 90.794
Total T: 279229 Episode Num: 974 Episode T: 101 Reward: 93.218
Total T: 279323 Episode Num: 975 Episode T: 94 Reward: 93.198
Total T: 279491 Episode Num: 976 Episode T: 168 Reward: 87.630
Total T: 279565 Episode Num: 977 Episode T: 74 Reward: 94.530
Total T: 279658 Episode Num: 978 Episode T: 93 Reward: 93.579
Total T: 279803 Episode Num: 979 Episode T: 145 Reward: 91.176
Total T: 279947 Episode Num: 980 Episode T: 144 Reward: 90.188
---------------------------------------
Evaluation over 10 episodes: 93.383
---------------------------------------
Total T: 280033 Episode Num: 981 Episode T: 86 Reward: 94.197
Total T: 280123 Episode Num: 982 Episode T: 90 Reward: 94.640
Total T: 280203 Episode Num: 983 Episode T: 80 Reward: 94.006
Total T: 280356 Episode Num: 984 Episode T: 153 Reward: 89.806
Total T: 280539 Episode Num: 985 Episode T: 183 Reward: 87.055
Total T: 280678 Episode Num: 986 Episode T: 139 Reward: 89.989
Total T: 280771 Episode Num: 987 Episode T: 93 Reward: 93.924
Total T: 280851 Episode Num: 988 Episode T: 80 Reward: 94.712
Total T: 280941 Episode Num: 989 Episode T: 90 Reward: 93.531
Total T: 281049 Episode Num: 990 Episode T: 108 Reward: 92.990
Total T: 281124 Episode Num: 991 Episode T: 75 Reward: 94.519
Total T: 281217 Episode Num: 992 Episode T: 93 Reward: 93.932
Total T: 281302 Episode Num: 993 Episode T: 85 Reward: 93.977
Total T: 281435 Episode Num: 994 Episode T: 133 Reward: 90.817
Total T: 281517 Episode Num: 995 Episode T: 82 Reward: 94.522
Total T: 281594 Episode Num: 996 Episode T: 77 Reward: 94.497
Total T: 281740 Episode Num: 997 Episode T: 146 Reward: 90.365
Total T: 281816 Episode Num: 998 Episode T: 76 Reward: 94.797
Total T: 281890 Episode Num: 999 Episode T: 74 Reward: 94.884
Total T: 281979 Episode Num: 1000 Episode T: 89 Reward: 94.071
Total T: 282054 Episode Num: 1001 Episode T: 75 Reward: 94.377
Total T: 282141 Episode Num: 1002 Episode T: 87 Reward: 94.296
Total T: 282223 Episode Num: 1003 Episode T: 82 Reward: 94.719
Total T: 282383 Episode Num: 1004 Episode T: 160 Reward: 89.348
Total T: 282463 Episode Num: 1005 Episode T: 80 Reward: 94.126
Total T: 282551 Episode Num: 1006 Episode T: 88 Reward: 94.388
Total T: 282732 Episode Num: 1007 Episode T: 181 Reward: 87.814
Total T: 282811 Episode Num: 1008 Episode T: 79 Reward: 94.517
Total T: 282956 Episode Num: 1009 Episode T: 145 Reward: 90.190
Total T: 283033 Episode Num: 1010 Episode T: 77 Reward: 95.051
Total T: 283108 Episode Num: 1011 Episode T: 75 Reward: 94.910
Total T: 283206 Episode Num: 1012 Episode T: 98 Reward: 92.524
Total T: 283292 Episode Num: 1013 Episode T: 86 Reward: 94.080
Total T: 283398 Episode Num: 1014 Episode T: 106 Reward: 92.632
Total T: 283540 Episode Num: 1015 Episode T: 142 Reward: 90.624
Total T: 283628 Episode Num: 1016 Episode T: 88 Reward: 93.897
Total T: 283710 Episode Num: 1017 Episode T: 82 Reward: 94.537
Total T: 283782 Episode Num: 1018 Episode T: 72 Reward: 94.795
Total T: 283887 Episode Num: 1019 Episode T: 105 Reward: 92.918
Total T: 284028 Episode Num: 1020 Episode T: 141 Reward: 90.627
Total T: 284115 Episode Num: 1021 Episode T: 87 Reward: 94.435
Total T: 284261 Episode Num: 1022 Episode T: 146 Reward: 89.893
Total T: 284396 Episode Num: 1023 Episode T: 135 Reward: 91.127
Total T: 284481 Episode Num: 1024 Episode T: 85 Reward: 94.732
Total T: 284617 Episode Num: 1025 Episode T: 136 Reward: 91.361
Total T: 284707 Episode Num: 1026 Episode T: 90 Reward: 93.813
Total T: 284790 Episode Num: 1027 Episode T: 83 Reward: 94.384
Total T: 284925 Episode Num: 1028 Episode T: 135 Reward: 90.675
---------------------------------------
Evaluation over 10 episodes: 93.457
---------------------------------------
Total T: 285071 Episode Num: 1029 Episode T: 146 Reward: 89.752
Total T: 285145 Episode Num: 1030 Episode T: 74 Reward: 94.848
Total T: 285279 Episode Num: 1031 Episode T: 134 Reward: 90.500
Total T: 285368 Episode Num: 1032 Episode T: 89 Reward: 94.253
Total T: 285498 Episode Num: 1033 Episode T: 130 Reward: 91.180
Total T: 285640 Episode Num: 1034 Episode T: 142 Reward: 90.937
Total T: 285723 Episode Num: 1035 Episode T: 83 Reward: 94.361
Total T: 285803 Episode Num: 1036 Episode T: 80 Reward: 94.304
Total T: 285879 Episode Num: 1037 Episode T: 76 Reward: 94.532
Total T: 285955 Episode Num: 1038 Episode T: 76 Reward: 94.541
Total T: 286045 Episode Num: 1039 Episode T: 90 Reward: 94.029
Total T: 286209 Episode Num: 1040 Episode T: 164 Reward: 89.183
Total T: 286351 Episode Num: 1041 Episode T: 142 Reward: 90.751
Total T: 286436 Episode Num: 1042 Episode T: 85 Reward: 94.553
Total T: 286582 Episode Num: 1043 Episode T: 146 Reward: 90.184
Total T: 286659 Episode Num: 1044 Episode T: 77 Reward: 94.755
Total T: 286750 Episode Num: 1045 Episode T: 91 Reward: 93.766
Total T: 286826 Episode Num: 1046 Episode T: 76 Reward: 94.797
Total T: 286970 Episode Num: 1047 Episode T: 144 Reward: 90.707
Total T: 287117 Episode Num: 1048 Episode T: 147 Reward: 90.312
Total T: 287269 Episode Num: 1049 Episode T: 152 Reward: 90.100
Total T: 287442 Episode Num: 1050 Episode T: 173 Reward: 88.904
Total T: 287519 Episode Num: 1051 Episode T: 77 Reward: 94.595
Total T: 287605 Episode Num: 1052 Episode T: 86 Reward: 94.016
Total T: 287766 Episode Num: 1053 Episode T: 161 Reward: 88.632
Total T: 287910 Episode Num: 1054 Episode T: 144 Reward: 90.684
Total T: 287981 Episode Num: 1055 Episode T: 71 Reward: 94.525
Total T: 288069 Episode Num: 1056 Episode T: 88 Reward: 93.634
Total T: 288160 Episode Num: 1057 Episode T: 91 Reward: 93.171
Total T: 288302 Episode Num: 1058 Episode T: 142 Reward: 90.588
Total T: 288382 Episode Num: 1059 Episode T: 80 Reward: 94.575
Total T: 288496 Episode Num: 1060 Episode T: 114 Reward: 91.912
Total T: 288587 Episode Num: 1061 Episode T: 91 Reward: 93.797
Total T: 288668 Episode Num: 1062 Episode T: 81 Reward: 94.802
Total T: 288746 Episode Num: 1063 Episode T: 78 Reward: 94.737
Total T: 288820 Episode Num: 1064 Episode T: 74 Reward: 94.281
Total T: 288963 Episode Num: 1065 Episode T: 143 Reward: 90.939
Total T: 289099 Episode Num: 1066 Episode T: 136 Reward: 90.495
Total T: 289240 Episode Num: 1067 Episode T: 141 Reward: 90.183
Total T: 289394 Episode Num: 1068 Episode T: 154 Reward: 89.333
Total T: 289545 Episode Num: 1069 Episode T: 151 Reward: 89.700
Total T: 289681 Episode Num: 1070 Episode T: 136 Reward: 91.045
Total T: 289761 Episode Num: 1071 Episode T: 80 Reward: 94.442
Total T: 289941 Episode Num: 1072 Episode T: 180 Reward: 87.561
---------------------------------------
Evaluation over 10 episodes: 93.455
---------------------------------------
Total T: 290034 Episode Num: 1073 Episode T: 93 Reward: 93.416
Total T: 290128 Episode Num: 1074 Episode T: 94 Reward: 93.716
Total T: 290214 Episode Num: 1075 Episode T: 86 Reward: 94.204
Total T: 290287 Episode Num: 1076 Episode T: 73 Reward: 94.208
Total T: 290429 Episode Num: 1077 Episode T: 142 Reward: 91.259
Total T: 290583 Episode Num: 1078 Episode T: 154 Reward: 89.732
Total T: 290727 Episode Num: 1079 Episode T: 144 Reward: 90.478
Total T: 290798 Episode Num: 1080 Episode T: 71 Reward: 94.755
Total T: 290885 Episode Num: 1081 Episode T: 87 Reward: 94.487
Total T: 290968 Episode Num: 1082 Episode T: 83 Reward: 94.323
Total T: 291061 Episode Num: 1083 Episode T: 93 Reward: 93.763
Total T: 291151 Episode Num: 1084 Episode T: 90 Reward: 94.273
Total T: 291228 Episode Num: 1085 Episode T: 77 Reward: 94.821
Total T: 291311 Episode Num: 1086 Episode T: 83 Reward: 94.240
Total T: 291460 Episode Num: 1087 Episode T: 149 Reward: 90.184
Total T: 291542 Episode Num: 1088 Episode T: 82 Reward: 94.406
Total T: 291636 Episode Num: 1089 Episode T: 94 Reward: 94.089
Total T: 291725 Episode Num: 1090 Episode T: 89 Reward: 93.813
Total T: 291826 Episode Num: 1091 Episode T: 101 Reward: 92.978
Total T: 291904 Episode Num: 1092 Episode T: 78 Reward: 94.387
Total T: 291987 Episode Num: 1093 Episode T: 83 Reward: 93.646
Total T: 292076 Episode Num: 1094 Episode T: 89 Reward: 94.321
Total T: 292222 Episode Num: 1095 Episode T: 146 Reward: 90.296
Total T: 292365 Episode Num: 1096 Episode T: 143 Reward: 89.948
Total T: 292469 Episode Num: 1097 Episode T: 104 Reward: 92.765
Total T: 292543 Episode Num: 1098 Episode T: 74 Reward: 94.472
Total T: 292635 Episode Num: 1099 Episode T: 92 Reward: 93.707
Total T: 292745 Episode Num: 1100 Episode T: 110 Reward: 93.001
Total T: 292826 Episode Num: 1101 Episode T: 81 Reward: 94.424
Total T: 292945 Episode Num: 1102 Episode T: 119 Reward: 91.297
Total T: 293030 Episode Num: 1103 Episode T: 85 Reward: 94.557
Total T: 293169 Episode Num: 1104 Episode T: 139 Reward: 91.002
Total T: 293315 Episode Num: 1105 Episode T: 146 Reward: 90.107
Total T: 293395 Episode Num: 1106 Episode T: 80 Reward: 94.557
Total T: 293477 Episode Num: 1107 Episode T: 82 Reward: 94.281
Total T: 293558 Episode Num: 1108 Episode T: 81 Reward: 94.582
Total T: 293629 Episode Num: 1109 Episode T: 71 Reward: 94.369
Total T: 293717 Episode Num: 1110 Episode T: 88 Reward: 94.255
Total T: 293792 Episode Num: 1111 Episode T: 75 Reward: 94.427
Total T: 293876 Episode Num: 1112 Episode T: 84 Reward: 94.480
Total T: 294020 Episode Num: 1113 Episode T: 144 Reward: 90.923
Total T: 294219 Episode Num: 1114 Episode T: 199 Reward: 87.088
Total T: 294302 Episode Num: 1115 Episode T: 83 Reward: 94.925
Total T: 294442 Episode Num: 1116 Episode T: 140 Reward: 91.017
Total T: 294513 Episode Num: 1117 Episode T: 71 Reward: 94.497
Total T: 294660 Episode Num: 1118 Episode T: 147 Reward: 89.947
Total T: 294735 Episode Num: 1119 Episode T: 75 Reward: 94.475
Total T: 294900 Episode Num: 1120 Episode T: 165 Reward: 89.335
---------------------------------------
Evaluation over 10 episodes: 93.419
---------------------------------------
Total T: 295051 Episode Num: 1121 Episode T: 151 Reward: 90.460
Total T: 295196 Episode Num: 1122 Episode T: 145 Reward: 90.948
Total T: 295302 Episode Num: 1123 Episode T: 106 Reward: 93.502
Total T: 295452 Episode Num: 1124 Episode T: 150 Reward: 89.917
Total T: 295597 Episode Num: 1125 Episode T: 145 Reward: 90.002
Total T: 295678 Episode Num: 1126 Episode T: 81 Reward: 94.701
Total T: 295750 Episode Num: 1127 Episode T: 72 Reward: 94.873
Total T: 295886 Episode Num: 1128 Episode T: 136 Reward: 90.399
Total T: 296030 Episode Num: 1129 Episode T: 144 Reward: 90.576
Total T: 296119 Episode Num: 1130 Episode T: 89 Reward: 93.534
Total T: 296191 Episode Num: 1131 Episode T: 72 Reward: 94.478
Total T: 296281 Episode Num: 1132 Episode T: 90 Reward: 94.341
Total T: 296404 Episode Num: 1133 Episode T: 123 Reward: 91.402
Total T: 296488 Episode Num: 1134 Episode T: 84 Reward: 94.749
Total T: 296580 Episode Num: 1135 Episode T: 92 Reward: 93.704
Total T: 296714 Episode Num: 1136 Episode T: 134 Reward: 91.576
Total T: 296792 Episode Num: 1137 Episode T: 78 Reward: 94.802
Total T: 296881 Episode Num: 1138 Episode T: 89 Reward: 93.918
Total T: 296963 Episode Num: 1139 Episode T: 82 Reward: 94.671
Total T: 297059 Episode Num: 1140 Episode T: 96 Reward: 93.248
Total T: 297214 Episode Num: 1141 Episode T: 155 Reward: 89.460
Total T: 297287 Episode Num: 1142 Episode T: 73 Reward: 94.725
Total T: 297429 Episode Num: 1143 Episode T: 142 Reward: 91.259
Total T: 297509 Episode Num: 1144 Episode T: 80 Reward: 94.577
Total T: 297608 Episode Num: 1145 Episode T: 99 Reward: 93.434
Total T: 297688 Episode Num: 1146 Episode T: 80 Reward: 94.327
Total T: 297828 Episode Num: 1147 Episode T: 140 Reward: 91.059
Total T: 297909 Episode Num: 1148 Episode T: 81 Reward: 93.966
Total T: 297986 Episode Num: 1149 Episode T: 77 Reward: 94.881
Total T: 298141 Episode Num: 1150 Episode T: 155 Reward: 89.998
Total T: 298220 Episode Num: 1151 Episode T: 79 Reward: 93.817
Total T: 298301 Episode Num: 1152 Episode T: 81 Reward: 94.464
Total T: 298382 Episode Num: 1153 Episode T: 81 Reward: 94.353
Total T: 298471 Episode Num: 1154 Episode T: 89 Reward: 94.259
Total T: 298549 Episode Num: 1155 Episode T: 78 Reward: 94.628
Total T: 298626 Episode Num: 1156 Episode T: 77 Reward: 94.455
Total T: 298699 Episode Num: 1157 Episode T: 73 Reward: 94.550
Total T: 298837 Episode Num: 1158 Episode T: 138 Reward: 90.278
Total T: 299002 Episode Num: 1159 Episode T: 165 Reward: 88.671
Total T: 299148 Episode Num: 1160 Episode T: 146 Reward: 90.661
Total T: 299292 Episode Num: 1161 Episode T: 144 Reward: 89.430
Total T: 299377 Episode Num: 1162 Episode T: 85 Reward: 94.353
Total T: 299476 Episode Num: 1163 Episode T: 99 Reward: 93.298
Total T: 299572 Episode Num: 1164 Episode T: 96 Reward: 93.819
Total T: 299721 Episode Num: 1165 Episode T: 149 Reward: 89.949
Total T: 299854 Episode Num: 1166 Episode T: 133 Reward: 90.420
---------------------------------------
Evaluation over 10 episodes: 93.448
---------------------------------------
Total T: 300001 Episode Num: 1167 Episode T: 147 Reward: 89.954
Total T: 300141 Episode Num: 1168 Episode T: 140 Reward: 90.743
Total T: 300223 Episode Num: 1169 Episode T: 82 Reward: 94.503
Total T: 300298 Episode Num: 1170 Episode T: 75 Reward: 94.687
Total T: 300440 Episode Num: 1171 Episode T: 142 Reward: 90.182
Total T: 300575 Episode Num: 1172 Episode T: 135 Reward: 91.688
Total T: 300652 Episode Num: 1173 Episode T: 77 Reward: 94.431
Total T: 300730 Episode Num: 1174 Episode T: 78 Reward: 95.047
Total T: 300812 Episode Num: 1175 Episode T: 82 Reward: 94.286
Total T: 300889 Episode Num: 1176 Episode T: 77 Reward: 94.430
Total T: 300969 Episode Num: 1177 Episode T: 80 Reward: 94.674
Total T: 301050 Episode Num: 1178 Episode T: 81 Reward: 94.376
Total T: 301187 Episode Num: 1179 Episode T: 137 Reward: 90.562
Total T: 301335 Episode Num: 1180 Episode T: 148 Reward: 90.396
Total T: 301409 Episode Num: 1181 Episode T: 74 Reward: 94.578
Total T: 301491 Episode Num: 1182 Episode T: 82 Reward: 94.317
Total T: 301640 Episode Num: 1183 Episode T: 149 Reward: 89.441
Total T: 301784 Episode Num: 1184 Episode T: 144 Reward: 90.933
Total T: 301876 Episode Num: 1185 Episode T: 92 Reward: 93.592
Total T: 301969 Episode Num: 1186 Episode T: 93 Reward: 93.472
Total T: 302106 Episode Num: 1187 Episode T: 137 Reward: 90.762
Total T: 302186 Episode Num: 1188 Episode T: 80 Reward: 94.423
Total T: 302274 Episode Num: 1189 Episode T: 88 Reward: 93.894
Total T: 302416 Episode Num: 1190 Episode T: 142 Reward: 91.196
Total T: 302493 Episode Num: 1191 Episode T: 77 Reward: 94.629
Total T: 302572 Episode Num: 1192 Episode T: 79 Reward: 94.274
Total T: 302646 Episode Num: 1193 Episode T: 74 Reward: 94.801
Total T: 302826 Episode Num: 1194 Episode T: 180 Reward: 87.608
Total T: 302973 Episode Num: 1195 Episode T: 147 Reward: 90.645
Total T: 303131 Episode Num: 1196 Episode T: 158 Reward: 88.879
Total T: 303213 Episode Num: 1197 Episode T: 82 Reward: 94.708
Total T: 303291 Episode Num: 1198 Episode T: 78 Reward: 94.454
Total T: 303376 Episode Num: 1199 Episode T: 85 Reward: 94.384
Total T: 303468 Episode Num: 1200 Episode T: 92 Reward: 93.768
Total T: 303607 Episode Num: 1201 Episode T: 139 Reward: 90.906
Total T: 303739 Episode Num: 1202 Episode T: 132 Reward: 90.680
Total T: 303813 Episode Num: 1203 Episode T: 74 Reward: 94.874
Total T: 303951 Episode Num: 1204 Episode T: 138 Reward: 91.138
Total T: 304027 Episode Num: 1205 Episode T: 76 Reward: 94.655
Total T: 304112 Episode Num: 1206 Episode T: 85 Reward: 94.526
Total T: 304194 Episode Num: 1207 Episode T: 82 Reward: 94.663
Total T: 304278 Episode Num: 1208 Episode T: 84 Reward: 94.597
Total T: 304424 Episode Num: 1209 Episode T: 146 Reward: 90.455
Total T: 304505 Episode Num: 1210 Episode T: 81 Reward: 94.145
Total T: 304588 Episode Num: 1211 Episode T: 83 Reward: 93.759
Total T: 304723 Episode Num: 1212 Episode T: 135 Reward: 91.029
Total T: 304864 Episode Num: 1213 Episode T: 141 Reward: 91.044
Total T: 304953 Episode Num: 1214 Episode T: 89 Reward: 93.731
---------------------------------------
Evaluation over 10 episodes: 93.448
---------------------------------------
Total T: 305028 Episode Num: 1215 Episode T: 75 Reward: 94.590
Total T: 305106 Episode Num: 1216 Episode T: 78 Reward: 94.739
Total T: 305244 Episode Num: 1217 Episode T: 138 Reward: 90.012
Total T: 305383 Episode Num: 1218 Episode T: 139 Reward: 90.678
Total T: 305465 Episode Num: 1219 Episode T: 82 Reward: 94.152
Total T: 305595 Episode Num: 1220 Episode T: 130 Reward: 91.156
Total T: 305730 Episode Num: 1221 Episode T: 135 Reward: 90.843
Total T: 305875 Episode Num: 1222 Episode T: 145 Reward: 90.363
Total T: 305960 Episode Num: 1223 Episode T: 85 Reward: 93.849
Total T: 306118 Episode Num: 1224 Episode T: 158 Reward: 88.728
Total T: 306198 Episode Num: 1225 Episode T: 80 Reward: 94.773
Total T: 306355 Episode Num: 1226 Episode T: 157 Reward: 90.575
Total T: 306431 Episode Num: 1227 Episode T: 76 Reward: 94.564
Total T: 306502 Episode Num: 1228 Episode T: 71 Reward: 94.658
Total T: 306580 Episode Num: 1229 Episode T: 78 Reward: 94.649
Total T: 306746 Episode Num: 1230 Episode T: 166 Reward: 88.427
Total T: 306841 Episode Num: 1231 Episode T: 95 Reward: 93.734
Total T: 306915 Episode Num: 1232 Episode T: 74 Reward: 94.623
Total T: 307040 Episode Num: 1233 Episode T: 125 Reward: 91.327
Total T: 307114 Episode Num: 1234 Episode T: 74 Reward: 94.712
Total T: 307250 Episode Num: 1235 Episode T: 136 Reward: 90.870
Total T: 307338 Episode Num: 1236 Episode T: 88 Reward: 93.876
Total T: 307428 Episode Num: 1237 Episode T: 90 Reward: 94.003
Total T: 307507 Episode Num: 1238 Episode T: 79 Reward: 94.770
Total T: 307655 Episode Num: 1239 Episode T: 148 Reward: 89.792
Total T: 307743 Episode Num: 1240 Episode T: 88 Reward: 94.349
Total T: 307821 Episode Num: 1241 Episode T: 78 Reward: 94.763
Total T: 308006 Episode Num: 1242 Episode T: 185 Reward: 87.384
Total T: 308188 Episode Num: 1243 Episode T: 182 Reward: 88.300
Total T: 308262 Episode Num: 1244 Episode T: 74 Reward: 94.635
Total T: 308418 Episode Num: 1245 Episode T: 156 Reward: 88.998
Total T: 308557 Episode Num: 1246 Episode T: 139 Reward: 91.195
Total T: 308690 Episode Num: 1247 Episode T: 133 Reward: 90.913
Total T: 308869 Episode Num: 1248 Episode T: 179 Reward: 87.455
Total T: 309033 Episode Num: 1249 Episode T: 164 Reward: 88.829
Total T: 309131 Episode Num: 1250 Episode T: 98 Reward: 93.464
Total T: 309288 Episode Num: 1251 Episode T: 157 Reward: 89.908
Total T: 309422 Episode Num: 1252 Episode T: 134 Reward: 90.887
Total T: 309505 Episode Num: 1253 Episode T: 83 Reward: 94.327
Total T: 309589 Episode Num: 1254 Episode T: 84 Reward: 94.489
Total T: 309676 Episode Num: 1255 Episode T: 87 Reward: 94.577
Total T: 309846 Episode Num: 1256 Episode T: 170 Reward: 88.484
Total T: 309929 Episode Num: 1257 Episode T: 83 Reward: 94.596
---------------------------------------
Evaluation over 10 episodes: 93.462
---------------------------------------
Total T: 310002 Episode Num: 1258 Episode T: 73 Reward: 94.547
Total T: 310137 Episode Num: 1259 Episode T: 135 Reward: 91.217
Total T: 310220 Episode Num: 1260 Episode T: 83 Reward: 94.584
Total T: 310364 Episode Num: 1261 Episode T: 144 Reward: 90.887
Total T: 310444 Episode Num: 1262 Episode T: 80 Reward: 94.257
Total T: 310556 Episode Num: 1263 Episode T: 112 Reward: 91.836
Total T: 310627 Episode Num: 1264 Episode T: 71 Reward: 94.302
Total T: 310771 Episode Num: 1265 Episode T: 144 Reward: 90.748
Total T: 310946 Episode Num: 1266 Episode T: 175 Reward: 87.684
Total T: 311020 Episode Num: 1267 Episode T: 74 Reward: 94.911
Total T: 311108 Episode Num: 1268 Episode T: 88 Reward: 94.023
Total T: 311248 Episode Num: 1269 Episode T: 140 Reward: 91.284
Total T: 311388 Episode Num: 1270 Episode T: 140 Reward: 91.038
Total T: 311466 Episode Num: 1271 Episode T: 78 Reward: 94.172
Total T: 311604 Episode Num: 1272 Episode T: 138 Reward: 90.640
Total T: 311740 Episode Num: 1273 Episode T: 136 Reward: 91.117
Total T: 311883 Episode Num: 1274 Episode T: 143 Reward: 89.543
Total T: 312075 Episode Num: 1275 Episode T: 192 Reward: 87.448
Total T: 312167 Episode Num: 1276 Episode T: 92 Reward: 93.837
Total T: 312242 Episode Num: 1277 Episode T: 75 Reward: 93.878
Total T: 312399 Episode Num: 1278 Episode T: 157 Reward: 89.084
Total T: 312490 Episode Num: 1279 Episode T: 91 Reward: 93.806
Total T: 312607 Episode Num: 1280 Episode T: 117 Reward: 92.244
Total T: 312687 Episode Num: 1281 Episode T: 80 Reward: 94.638
Total T: 312770 Episode Num: 1282 Episode T: 83 Reward: 94.270
Total T: 312913 Episode Num: 1283 Episode T: 143 Reward: 91.013
Total T: 313002 Episode Num: 1284 Episode T: 89 Reward: 93.219
Total T: 313149 Episode Num: 1285 Episode T: 147 Reward: 90.181
Total T: 313233 Episode Num: 1286 Episode T: 84 Reward: 94.028
Total T: 313384 Episode Num: 1287 Episode T: 151 Reward: 90.061
Total T: 313469 Episode Num: 1288 Episode T: 85 Reward: 94.632
Total T: 313555 Episode Num: 1289 Episode T: 86 Reward: 94.414
Total T: 313632 Episode Num: 1290 Episode T: 77 Reward: 94.423
Total T: 313778 Episode Num: 1291 Episode T: 146 Reward: 90.825
Total T: 313868 Episode Num: 1292 Episode T: 90 Reward: 93.920
Total T: 313943 Episode Num: 1293 Episode T: 75 Reward: 94.659
Total T: 314093 Episode Num: 1294 Episode T: 150 Reward: 90.935
Total T: 314177 Episode Num: 1295 Episode T: 84 Reward: 94.041
Total T: 314267 Episode Num: 1296 Episode T: 90 Reward: 93.962
Total T: 314415 Episode Num: 1297 Episode T: 148 Reward: 89.300
Total T: 314499 Episode Num: 1298 Episode T: 84 Reward: 94.518
Total T: 314574 Episode Num: 1299 Episode T: 75 Reward: 94.587
Total T: 314740 Episode Num: 1300 Episode T: 166 Reward: 88.879
Total T: 314828 Episode Num: 1301 Episode T: 88 Reward: 93.779
Total T: 314904 Episode Num: 1302 Episode T: 76 Reward: 94.749
---------------------------------------
Evaluation over 10 episodes: 93.460
---------------------------------------
Total T: 315044 Episode Num: 1303 Episode T: 140 Reward: 91.443
Total T: 315122 Episode Num: 1304 Episode T: 78 Reward: 94.367
Total T: 315205 Episode Num: 1305 Episode T: 83 Reward: 94.549
Total T: 315341 Episode Num: 1306 Episode T: 136 Reward: 90.625
Total T: 315423 Episode Num: 1307 Episode T: 82 Reward: 94.247
Total T: 315573 Episode Num: 1308 Episode T: 150 Reward: 89.948
Total T: 315711 Episode Num: 1309 Episode T: 138 Reward: 91.147
Total T: 315860 Episode Num: 1310 Episode T: 149 Reward: 90.450
Total T: 315992 Episode Num: 1311 Episode T: 132 Reward: 90.763
Total T: 316133 Episode Num: 1312 Episode T: 141 Reward: 89.787
Total T: 316214 Episode Num: 1313 Episode T: 81 Reward: 94.387
Total T: 316290 Episode Num: 1314 Episode T: 76 Reward: 94.888
Total T: 316428 Episode Num: 1315 Episode T: 138 Reward: 91.205
Total T: 316533 Episode Num: 1316 Episode T: 105 Reward: 92.541
Total T: 316611 Episode Num: 1317 Episode T: 78 Reward: 94.199
Total T: 316703 Episode Num: 1318 Episode T: 92 Reward: 93.957
Total T: 316793 Episode Num: 1319 Episode T: 90 Reward: 93.762
Total T: 316935 Episode Num: 1320 Episode T: 142 Reward: 90.622
Total T: 317047 Episode Num: 1321 Episode T: 112 Reward: 92.757
Total T: 317184 Episode Num: 1322 Episode T: 137 Reward: 90.705
Total T: 317318 Episode Num: 1323 Episode T: 134 Reward: 90.169
Total T: 317471 Episode Num: 1324 Episode T: 153 Reward: 89.808
Total T: 317550 Episode Num: 1325 Episode T: 79 Reward: 94.340
Total T: 317631 Episode Num: 1326 Episode T: 81 Reward: 94.509
Total T: 317711 Episode Num: 1327 Episode T: 80 Reward: 94.545
Total T: 317850 Episode Num: 1328 Episode T: 139 Reward: 90.445
Total T: 317986 Episode Num: 1329 Episode T: 136 Reward: 90.762
Total T: 318120 Episode Num: 1330 Episode T: 134 Reward: 91.081
Total T: 318265 Episode Num: 1331 Episode T: 145 Reward: 89.634
Total T: 318431 Episode Num: 1332 Episode T: 166 Reward: 88.675
Total T: 318538 Episode Num: 1333 Episode T: 107 Reward: 92.648
Total T: 318611 Episode Num: 1334 Episode T: 73 Reward: 94.627
Total T: 318755 Episode Num: 1335 Episode T: 144 Reward: 90.261
Total T: 318903 Episode Num: 1336 Episode T: 148 Reward: 89.984
Total T: 319064 Episode Num: 1337 Episode T: 161 Reward: 89.972
Total T: 319142 Episode Num: 1338 Episode T: 78 Reward: 94.586
Total T: 319222 Episode Num: 1339 Episode T: 80 Reward: 94.521
Total T: 319381 Episode Num: 1340 Episode T: 159 Reward: 89.408
Total T: 319453 Episode Num: 1341 Episode T: 72 Reward: 94.770
Total T: 319542 Episode Num: 1342 Episode T: 89 Reward: 93.437
Total T: 319617 Episode Num: 1343 Episode T: 75 Reward: 94.729
Total T: 319699 Episode Num: 1344 Episode T: 82 Reward: 94.332
Total T: 319829 Episode Num: 1345 Episode T: 130 Reward: 90.891
Total T: 319964 Episode Num: 1346 Episode T: 135 Reward: 90.292
---------------------------------------
Evaluation over 10 episodes: 93.466
---------------------------------------
Total T: 320102 Episode Num: 1347 Episode T: 138 Reward: 90.612
Total T: 320194 Episode Num: 1348 Episode T: 92 Reward: 93.681
Total T: 320280 Episode Num: 1349 Episode T: 86 Reward: 94.297
Total T: 320354 Episode Num: 1350 Episode T: 74 Reward: 94.499
Total T: 320433 Episode Num: 1351 Episode T: 79 Reward: 94.599
Total T: 320582 Episode Num: 1352 Episode T: 149 Reward: 90.374
Total T: 320736 Episode Num: 1353 Episode T: 154 Reward: 89.134
Total T: 320886 Episode Num: 1354 Episode T: 150 Reward: 90.464
Total T: 321025 Episode Num: 1355 Episode T: 139 Reward: 89.860
Total T: 321107 Episode Num: 1356 Episode T: 82 Reward: 93.834
Total T: 321254 Episode Num: 1357 Episode T: 147 Reward: 91.057
Total T: 321395 Episode Num: 1358 Episode T: 141 Reward: 90.816
Total T: 321506 Episode Num: 1359 Episode T: 111 Reward: 92.583
Total T: 321584 Episode Num: 1360 Episode T: 78 Reward: 94.572
Total T: 321740 Episode Num: 1361 Episode T: 156 Reward: 89.928
Total T: 321873 Episode Num: 1362 Episode T: 133 Reward: 91.765
Total T: 322040 Episode Num: 1363 Episode T: 167 Reward: 89.185
Total T: 322184 Episode Num: 1364 Episode T: 144 Reward: 90.177
Total T: 322328 Episode Num: 1365 Episode T: 144 Reward: 90.308
Total T: 322471 Episode Num: 1366 Episode T: 143 Reward: 90.616
Total T: 322607 Episode Num: 1367 Episode T: 136 Reward: 90.649
Total T: 322683 Episode Num: 1368 Episode T: 76 Reward: 94.251
Total T: 322822 Episode Num: 1369 Episode T: 139 Reward: 90.485
Total T: 322972 Episode Num: 1370 Episode T: 150 Reward: 89.640
Total T: 323134 Episode Num: 1371 Episode T: 162 Reward: 89.613
Total T: 323212 Episode Num: 1372 Episode T: 78 Reward: 94.351
Total T: 323299 Episode Num: 1373 Episode T: 87 Reward: 94.117
Total T: 323384 Episode Num: 1374 Episode T: 85 Reward: 94.226
Total T: 323534 Episode Num: 1375 Episode T: 150 Reward: 89.970
Total T: 323662 Episode Num: 1376 Episode T: 128 Reward: 91.577
Total T: 323801 Episode Num: 1377 Episode T: 139 Reward: 89.975
Total T: 323877 Episode Num: 1378 Episode T: 76 Reward: 94.369
Total T: 323955 Episode Num: 1379 Episode T: 78 Reward: 94.451
Total T: 324093 Episode Num: 1380 Episode T: 138 Reward: 90.835
Total T: 324235 Episode Num: 1381 Episode T: 142 Reward: 90.778
Total T: 324310 Episode Num: 1382 Episode T: 75 Reward: 94.022
Total T: 324382 Episode Num: 1383 Episode T: 72 Reward: 94.359
Total T: 324495 Episode Num: 1384 Episode T: 113 Reward: 91.383
Total T: 324575 Episode Num: 1385 Episode T: 80 Reward: 94.755
Total T: 324712 Episode Num: 1386 Episode T: 137 Reward: 91.376
Total T: 324825 Episode Num: 1387 Episode T: 113 Reward: 91.791
Total T: 324909 Episode Num: 1388 Episode T: 84 Reward: 94.130
---------------------------------------
Evaluation over 10 episodes: 93.463
---------------------------------------
Total T: 325049 Episode Num: 1389 Episode T: 140 Reward: 91.099
Total T: 325185 Episode Num: 1390 Episode T: 136 Reward: 90.665
Total T: 325266 Episode Num: 1391 Episode T: 81 Reward: 94.355
Total T: 325407 Episode Num: 1392 Episode T: 141 Reward: 90.891
Total T: 325506 Episode Num: 1393 Episode T: 99 Reward: 92.984
Total T: 325652 Episode Num: 1394 Episode T: 146 Reward: 90.255
Total T: 325749 Episode Num: 1395 Episode T: 97 Reward: 93.568
Total T: 325887 Episode Num: 1396 Episode T: 138 Reward: 90.737
Total T: 326039 Episode Num: 1397 Episode T: 152 Reward: 90.191
Total T: 326122 Episode Num: 1398 Episode T: 83 Reward: 94.310
Total T: 326215 Episode Num: 1399 Episode T: 93 Reward: 93.297
Total T: 326304 Episode Num: 1400 Episode T: 89 Reward: 94.014
Total T: 326383 Episode Num: 1401 Episode T: 79 Reward: 94.298
Total T: 326469 Episode Num: 1402 Episode T: 86 Reward: 94.466
Total T: 326598 Episode Num: 1403 Episode T: 129 Reward: 90.939
Total T: 326672 Episode Num: 1404 Episode T: 74 Reward: 94.598
Total T: 326807 Episode Num: 1405 Episode T: 135 Reward: 90.453
Total T: 326886 Episode Num: 1406 Episode T: 79 Reward: 94.626
Total T: 326983 Episode Num: 1407 Episode T: 97 Reward: 93.927
Total T: 327068 Episode Num: 1408 Episode T: 85 Reward: 93.818
Total T: 327168 Episode Num: 1409 Episode T: 100 Reward: 92.811
Total T: 327313 Episode Num: 1410 Episode T: 145 Reward: 90.692
Total T: 327386 Episode Num: 1411 Episode T: 73 Reward: 95.168
Total T: 327520 Episode Num: 1412 Episode T: 134 Reward: 91.261
Total T: 327686 Episode Num: 1413 Episode T: 166 Reward: 88.526
Total T: 327768 Episode Num: 1414 Episode T: 82 Reward: 94.236
Total T: 327855 Episode Num: 1415 Episode T: 87 Reward: 94.642
Total T: 328004 Episode Num: 1416 Episode T: 149 Reward: 90.385
Total T: 328085 Episode Num: 1417 Episode T: 81 Reward: 93.871
Total T: 328185 Episode Num: 1418 Episode T: 100 Reward: 92.837
Total T: 328274 Episode Num: 1419 Episode T: 89 Reward: 93.821
Total T: 328349 Episode Num: 1420 Episode T: 75 Reward: 94.618
Total T: 328554 Episode Num: 1421 Episode T: 205 Reward: 85.421
Total T: 328638 Episode Num: 1422 Episode T: 84 Reward: 93.785
Total T: 328773 Episode Num: 1423 Episode T: 135 Reward: 90.368
Total T: 328854 Episode Num: 1424 Episode T: 81 Reward: 94.594
Total T: 328942 Episode Num: 1425 Episode T: 88 Reward: 94.393
Total T: 329111 Episode Num: 1426 Episode T: 169 Reward: 88.100
Total T: 329242 Episode Num: 1427 Episode T: 131 Reward: 91.326
Total T: 329382 Episode Num: 1428 Episode T: 140 Reward: 90.826
Total T: 329458 Episode Num: 1429 Episode T: 76 Reward: 94.584
Total T: 329606 Episode Num: 1430 Episode T: 148 Reward: 90.313
Total T: 329687 Episode Num: 1431 Episode T: 81 Reward: 94.099
Total T: 329827 Episode Num: 1432 Episode T: 140 Reward: 90.028
Total T: 329960 Episode Num: 1433 Episode T: 133 Reward: 91.160
---------------------------------------
Evaluation over 10 episodes: 93.453
---------------------------------------
Total T: 330038 Episode Num: 1434 Episode T: 78 Reward: 94.837
Total T: 330199 Episode Num: 1435 Episode T: 161 Reward: 89.354
Total T: 330278 Episode Num: 1436 Episode T: 79 Reward: 94.424
Total T: 330411 Episode Num: 1437 Episode T: 133 Reward: 90.977
Total T: 330567 Episode Num: 1438 Episode T: 156 Reward: 89.883
Total T: 330652 Episode Num: 1439 Episode T: 85 Reward: 93.817
Total T: 330792 Episode Num: 1440 Episode T: 140 Reward: 91.065
Total T: 330865 Episode Num: 1441 Episode T: 73 Reward: 94.645
Total T: 330968 Episode Num: 1442 Episode T: 103 Reward: 92.580
Total T: 331150 Episode Num: 1443 Episode T: 182 Reward: 87.497
Total T: 331292 Episode Num: 1444 Episode T: 142 Reward: 89.985
Total T: 331368 Episode Num: 1445 Episode T: 76 Reward: 94.441
Total T: 331464 Episode Num: 1446 Episode T: 96 Reward: 93.223
Total T: 331552 Episode Num: 1447 Episode T: 88 Reward: 93.914
Total T: 331695 Episode Num: 1448 Episode T: 143 Reward: 90.413
Total T: 331770 Episode Num: 1449 Episode T: 75 Reward: 94.949
Total T: 331904 Episode Num: 1450 Episode T: 134 Reward: 90.294
Total T: 331985 Episode Num: 1451 Episode T: 81 Reward: 94.053
Total T: 332065 Episode Num: 1452 Episode T: 80 Reward: 94.554
Total T: 332197 Episode Num: 1453 Episode T: 132 Reward: 90.819
Total T: 332358 Episode Num: 1454 Episode T: 161 Reward: 89.897
Total T: 332504 Episode Num: 1455 Episode T: 146 Reward: 90.602
Total T: 332581 Episode Num: 1456 Episode T: 77 Reward: 94.815
Total T: 332718 Episode Num: 1457 Episode T: 137 Reward: 90.620
Total T: 332855 Episode Num: 1458 Episode T: 137 Reward: 90.965
Total T: 332946 Episode Num: 1459 Episode T: 91 Reward: 93.553
Total T: 333099 Episode Num: 1460 Episode T: 153 Reward: 90.195
Total T: 333178 Episode Num: 1461 Episode T: 79 Reward: 94.356
Total T: 333262 Episode Num: 1462 Episode T: 84 Reward: 93.792
Total T: 333344 Episode Num: 1463 Episode T: 82 Reward: 94.254
Total T: 333492 Episode Num: 1464 Episode T: 148 Reward: 89.784
Total T: 333635 Episode Num: 1465 Episode T: 143 Reward: 90.346
Total T: 333717 Episode Num: 1466 Episode T: 82 Reward: 94.416
Total T: 333864 Episode Num: 1467 Episode T: 147 Reward: 90.348
Total T: 334008 Episode Num: 1468 Episode T: 144 Reward: 90.596
Total T: 334083 Episode Num: 1469 Episode T: 75 Reward: 94.653
Total T: 334223 Episode Num: 1470 Episode T: 140 Reward: 90.764
Total T: 334304 Episode Num: 1471 Episode T: 81 Reward: 94.455
Total T: 334385 Episode Num: 1472 Episode T: 81 Reward: 94.462
Total T: 334461 Episode Num: 1473 Episode T: 76 Reward: 94.417
Total T: 334601 Episode Num: 1474 Episode T: 140 Reward: 90.503
Total T: 334680 Episode Num: 1475 Episode T: 79 Reward: 94.246
Total T: 334760 Episode Num: 1476 Episode T: 80 Reward: 94.434
Total T: 334897 Episode Num: 1477 Episode T: 137 Reward: 90.869
Total T: 334977 Episode Num: 1478 Episode T: 80 Reward: 94.498
---------------------------------------
Evaluation over 10 episodes: 93.473
---------------------------------------
Total T: 335118 Episode Num: 1479 Episode T: 141 Reward: 90.792
Total T: 335256 Episode Num: 1480 Episode T: 138 Reward: 90.079
Total T: 335341 Episode Num: 1481 Episode T: 85 Reward: 94.578
Total T: 335415 Episode Num: 1482 Episode T: 74 Reward: 94.123
Total T: 335556 Episode Num: 1483 Episode T: 141 Reward: 90.741
Total T: 335690 Episode Num: 1484 Episode T: 134 Reward: 91.668
Total T: 335765 Episode Num: 1485 Episode T: 75 Reward: 94.552
Total T: 335902 Episode Num: 1486 Episode T: 137 Reward: 90.608
Total T: 336044 Episode Num: 1487 Episode T: 142 Reward: 90.834
Total T: 336143 Episode Num: 1488 Episode T: 99 Reward: 94.014
Total T: 336317 Episode Num: 1489 Episode T: 174 Reward: 89.016
Total T: 336398 Episode Num: 1490 Episode T: 81 Reward: 94.115
Total T: 336487 Episode Num: 1491 Episode T: 89 Reward: 93.838
Total T: 336561 Episode Num: 1492 Episode T: 74 Reward: 94.747
Total T: 336636 Episode Num: 1493 Episode T: 75 Reward: 94.707
Total T: 336798 Episode Num: 1494 Episode T: 162 Reward: 89.748
Total T: 336881 Episode Num: 1495 Episode T: 83 Reward: 94.242
Total T: 336953 Episode Num: 1496 Episode T: 72 Reward: 94.730
Total T: 337046 Episode Num: 1497 Episode T: 93 Reward: 93.477
Total T: 337187 Episode Num: 1498 Episode T: 141 Reward: 90.470
Total T: 337280 Episode Num: 1499 Episode T: 93 Reward: 93.259
Total T: 337438 Episode Num: 1500 Episode T: 158 Reward: 89.216
Total T: 337522 Episode Num: 1501 Episode T: 84 Reward: 94.446
Total T: 337603 Episode Num: 1502 Episode T: 81 Reward: 94.064
Total T: 337791 Episode Num: 1503 Episode T: 188 Reward: 87.033
Total T: 337875 Episode Num: 1504 Episode T: 84 Reward: 94.210
Total T: 338015 Episode Num: 1505 Episode T: 140 Reward: 90.835
Total T: 338137 Episode Num: 1506 Episode T: 122 Reward: 91.376
Total T: 338273 Episode Num: 1507 Episode T: 136 Reward: 90.384
Total T: 338404 Episode Num: 1508 Episode T: 131 Reward: 91.300
Total T: 338498 Episode Num: 1509 Episode T: 94 Reward: 93.587
Total T: 338709 Episode Num: 1510 Episode T: 211 Reward: 86.525
Total T: 338793 Episode Num: 1511 Episode T: 84 Reward: 94.246
Total T: 338903 Episode Num: 1512 Episode T: 110 Reward: 92.903
Total T: 338989 Episode Num: 1513 Episode T: 86 Reward: 93.985
Total T: 339135 Episode Num: 1514 Episode T: 146 Reward: 89.537
Total T: 339273 Episode Num: 1515 Episode T: 138 Reward: 91.096
Total T: 339420 Episode Num: 1516 Episode T: 147 Reward: 91.054
Total T: 339570 Episode Num: 1517 Episode T: 150 Reward: 89.875
Total T: 339659 Episode Num: 1518 Episode T: 89 Reward: 94.333
Total T: 339746 Episode Num: 1519 Episode T: 87 Reward: 94.555
Total T: 339883 Episode Num: 1520 Episode T: 137 Reward: 90.356
Total T: 339972 Episode Num: 1521 Episode T: 89 Reward: 93.930
---------------------------------------
Evaluation over 10 episodes: 93.472
---------------------------------------
Total T: 340107 Episode Num: 1522 Episode T: 135 Reward: 91.107
Total T: 340196 Episode Num: 1523 Episode T: 89 Reward: 94.081
Total T: 340276 Episode Num: 1524 Episode T: 80 Reward: 94.647
Total T: 340354 Episode Num: 1525 Episode T: 78 Reward: 94.530
Total T: 340438 Episode Num: 1526 Episode T: 84 Reward: 94.687
Total T: 340593 Episode Num: 1527 Episode T: 155 Reward: 89.112
Total T: 340815 Episode Num: 1528 Episode T: 222 Reward: 85.581
Total T: 340886 Episode Num: 1529 Episode T: 71 Reward: 94.605
Total T: 341020 Episode Num: 1530 Episode T: 134 Reward: 90.688
Total T: 341107 Episode Num: 1531 Episode T: 87 Reward: 94.214
Total T: 341249 Episode Num: 1532 Episode T: 142 Reward: 90.934
Total T: 341393 Episode Num: 1533 Episode T: 144 Reward: 90.942
Total T: 341531 Episode Num: 1534 Episode T: 138 Reward: 90.632
Total T: 341667 Episode Num: 1535 Episode T: 136 Reward: 90.762
Total T: 341757 Episode Num: 1536 Episode T: 90 Reward: 93.722
Total T: 341896 Episode Num: 1537 Episode T: 139 Reward: 91.054
Total T: 341972 Episode Num: 1538 Episode T: 76 Reward: 94.764
Total T: 342070 Episode Num: 1539 Episode T: 98 Reward: 93.070
Total T: 342207 Episode Num: 1540 Episode T: 137 Reward: 90.456
Total T: 342288 Episode Num: 1541 Episode T: 81 Reward: 94.496
Total T: 342428 Episode Num: 1542 Episode T: 140 Reward: 90.760
Total T: 342504 Episode Num: 1543 Episode T: 76 Reward: 94.330
Total T: 342656 Episode Num: 1544 Episode T: 152 Reward: 89.646
Total T: 342791 Episode Num: 1545 Episode T: 135 Reward: 91.040
Total T: 342874 Episode Num: 1546 Episode T: 83 Reward: 94.111
Total T: 342957 Episode Num: 1547 Episode T: 83 Reward: 94.376
Total T: 343105 Episode Num: 1548 Episode T: 148 Reward: 90.282
Total T: 343213 Episode Num: 1549 Episode T: 108 Reward: 92.300
Total T: 343359 Episode Num: 1550 Episode T: 146 Reward: 91.066
Total T: 343464 Episode Num: 1551 Episode T: 105 Reward: 93.101
Total T: 343606 Episode Num: 1552 Episode T: 142 Reward: 90.181
Total T: 343744 Episode Num: 1553 Episode T: 138 Reward: 89.898
Total T: 343889 Episode Num: 1554 Episode T: 145 Reward: 89.978
Total T: 344040 Episode Num: 1555 Episode T: 151 Reward: 89.409
Total T: 344146 Episode Num: 1556 Episode T: 106 Reward: 93.486
Total T: 344230 Episode Num: 1557 Episode T: 84 Reward: 93.989
Total T: 344371 Episode Num: 1558 Episode T: 141 Reward: 90.702
Total T: 344452 Episode Num: 1559 Episode T: 81 Reward: 94.685
Total T: 344599 Episode Num: 1560 Episode T: 147 Reward: 90.904
Total T: 344732 Episode Num: 1561 Episode T: 133 Reward: 91.247
Total T: 344826 Episode Num: 1562 Episode T: 94 Reward: 94.327
Total T: 344898 Episode Num: 1563 Episode T: 72 Reward: 94.505
Total T: 344970 Episode Num: 1564 Episode T: 72 Reward: 94.424
---------------------------------------
Evaluation over 10 episodes: 93.468
---------------------------------------
Total T: 345056 Episode Num: 1565 Episode T: 86 Reward: 94.310
Total T: 345202 Episode Num: 1566 Episode T: 146 Reward: 89.412
Total T: 345276 Episode Num: 1567 Episode T: 74 Reward: 94.480
Total T: 345404 Episode Num: 1568 Episode T: 128 Reward: 91.155
Total T: 345559 Episode Num: 1569 Episode T: 155 Reward: 89.617
Total T: 345701 Episode Num: 1570 Episode T: 142 Reward: 90.392
Total T: 345790 Episode Num: 1571 Episode T: 89 Reward: 93.718
Total T: 345872 Episode Num: 1572 Episode T: 82 Reward: 94.492
Total T: 345948 Episode Num: 1573 Episode T: 76 Reward: 94.402
Total T: 346086 Episode Num: 1574 Episode T: 138 Reward: 91.392
Total T: 346181 Episode Num: 1575 Episode T: 95 Reward: 94.369
Total T: 346313 Episode Num: 1576 Episode T: 132 Reward: 91.141
Total T: 346393 Episode Num: 1577 Episode T: 80 Reward: 94.561
Total T: 346468 Episode Num: 1578 Episode T: 75 Reward: 94.510
Total T: 346549 Episode Num: 1579 Episode T: 81 Reward: 94.531
Total T: 346682 Episode Num: 1580 Episode T: 133 Reward: 90.881
Total T: 346762 Episode Num: 1581 Episode T: 80 Reward: 94.143
Total T: 346900 Episode Num: 1582 Episode T: 138 Reward: 90.324
Total T: 347008 Episode Num: 1583 Episode T: 108 Reward: 92.253
Total T: 347091 Episode Num: 1584 Episode T: 83 Reward: 94.379
Total T: 347234 Episode Num: 1585 Episode T: 143 Reward: 90.610
Total T: 347372 Episode Num: 1586 Episode T: 138 Reward: 91.260
Total T: 347517 Episode Num: 1587 Episode T: 145 Reward: 90.010
Total T: 347656 Episode Num: 1588 Episode T: 139 Reward: 90.855
Total T: 347781 Episode Num: 1589 Episode T: 125 Reward: 91.949
Total T: 347936 Episode Num: 1590 Episode T: 155 Reward: 89.707
Total T: 348073 Episode Num: 1591 Episode T: 137 Reward: 90.595
Total T: 348155 Episode Num: 1592 Episode T: 82 Reward: 94.197
Total T: 348253 Episode Num: 1593 Episode T: 98 Reward: 91.979
Total T: 348333 Episode Num: 1594 Episode T: 80 Reward: 94.602
Total T: 348412 Episode Num: 1595 Episode T: 79 Reward: 94.589
Total T: 348516 Episode Num: 1596 Episode T: 104 Reward: 92.593
Total T: 348653 Episode Num: 1597 Episode T: 137 Reward: 90.069
Total T: 348741 Episode Num: 1598 Episode T: 88 Reward: 93.817
Total T: 348879 Episode Num: 1599 Episode T: 138 Reward: 91.163
Total T: 349017 Episode Num: 1600 Episode T: 138 Reward: 90.771
Total T: 349158 Episode Num: 1601 Episode T: 141 Reward: 90.453
Total T: 349326 Episode Num: 1602 Episode T: 168 Reward: 89.275
Total T: 349432 Episode Num: 1603 Episode T: 106 Reward: 93.107
Total T: 349530 Episode Num: 1604 Episode T: 98 Reward: 92.646
Total T: 349609 Episode Num: 1605 Episode T: 79 Reward: 94.722
Total T: 349698 Episode Num: 1606 Episode T: 89 Reward: 94.033
Total T: 349789 Episode Num: 1607 Episode T: 91 Reward: 94.204
Total T: 349928 Episode Num: 1608 Episode T: 139 Reward: 90.962
---------------------------------------
Evaluation over 10 episodes: 93.473
---------------------------------------
Total T: 350071 Episode Num: 1609 Episode T: 143 Reward: 90.948
Total T: 350218 Episode Num: 1610 Episode T: 147 Reward: 90.187
Total T: 350317 Episode Num: 1611 Episode T: 99 Reward: 92.625
Total T: 350403 Episode Num: 1612 Episode T: 86 Reward: 94.098
Total T: 350480 Episode Num: 1613 Episode T: 77 Reward: 94.696
Total T: 350565 Episode Num: 1614 Episode T: 85 Reward: 94.337
Total T: 350708 Episode Num: 1615 Episode T: 143 Reward: 90.893
Total T: 350852 Episode Num: 1616 Episode T: 144 Reward: 90.456
Total T: 351016 Episode Num: 1617 Episode T: 164 Reward: 89.023
Total T: 351104 Episode Num: 1618 Episode T: 88 Reward: 93.581
Total T: 351194 Episode Num: 1619 Episode T: 90 Reward: 94.065
Total T: 351333 Episode Num: 1620 Episode T: 139 Reward: 91.042
Total T: 351468 Episode Num: 1621 Episode T: 135 Reward: 90.535
Total T: 351623 Episode Num: 1622 Episode T: 155 Reward: 89.753
Total T: 351761 Episode Num: 1623 Episode T: 138 Reward: 90.843
Total T: 351837 Episode Num: 1624 Episode T: 76 Reward: 94.663
Total T: 352003 Episode Num: 1625 Episode T: 166 Reward: 88.604
Total T: 352189 Episode Num: 1626 Episode T: 186 Reward: 87.423
Total T: 352273 Episode Num: 1627 Episode T: 84 Reward: 94.034
Total T: 352350 Episode Num: 1628 Episode T: 77 Reward: 94.422
Total T: 352432 Episode Num: 1629 Episode T: 82 Reward: 94.564
Total T: 352603 Episode Num: 1630 Episode T: 171 Reward: 88.981
Total T: 352679 Episode Num: 1631 Episode T: 76 Reward: 94.659
Total T: 352757 Episode Num: 1632 Episode T: 78 Reward: 94.135
Total T: 352868 Episode Num: 1633 Episode T: 111 Reward: 92.411
Total T: 352952 Episode Num: 1634 Episode T: 84 Reward: 94.385
Total T: 353030 Episode Num: 1635 Episode T: 78 Reward: 94.309
Total T: 353117 Episode Num: 1636 Episode T: 87 Reward: 93.896
Total T: 353254 Episode Num: 1637 Episode T: 137 Reward: 90.866
Total T: 353336 Episode Num: 1638 Episode T: 82 Reward: 94.117
Total T: 353460 Episode Num: 1639 Episode T: 124 Reward: 91.635
Total T: 353607 Episode Num: 1640 Episode T: 147 Reward: 90.711
Total T: 353692 Episode Num: 1641 Episode T: 85 Reward: 93.928
Total T: 353776 Episode Num: 1642 Episode T: 84 Reward: 94.260
Total T: 353945 Episode Num: 1643 Episode T: 169 Reward: 88.519
Total T: 354025 Episode Num: 1644 Episode T: 80 Reward: 94.874
Total T: 354187 Episode Num: 1645 Episode T: 162 Reward: 88.956
Total T: 354337 Episode Num: 1646 Episode T: 150 Reward: 90.073
Total T: 354417 Episode Num: 1647 Episode T: 80 Reward: 94.251
Total T: 354509 Episode Num: 1648 Episode T: 92 Reward: 93.824
Total T: 354649 Episode Num: 1649 Episode T: 140 Reward: 90.589
Total T: 354789 Episode Num: 1650 Episode T: 140 Reward: 91.002
Total T: 354932 Episode Num: 1651 Episode T: 143 Reward: 90.699
---------------------------------------
Evaluation over 10 episodes: 93.482
---------------------------------------
Total T: 355084 Episode Num: 1652 Episode T: 152 Reward: 90.588
Total T: 355159 Episode Num: 1653 Episode T: 75 Reward: 94.660
Total T: 355290 Episode Num: 1654 Episode T: 131 Reward: 91.277
Total T: 355380 Episode Num: 1655 Episode T: 90 Reward: 94.814
Total T: 355457 Episode Num: 1656 Episode T: 77 Reward: 94.641
Total T: 355588 Episode Num: 1657 Episode T: 131 Reward: 91.356
Total T: 355733 Episode Num: 1658 Episode T: 145 Reward: 90.787
Total T: 355884 Episode Num: 1659 Episode T: 151 Reward: 90.653
Total T: 355972 Episode Num: 1660 Episode T: 88 Reward: 93.783
Total T: 356054 Episode Num: 1661 Episode T: 82 Reward: 93.950
Total T: 356186 Episode Num: 1662 Episode T: 132 Reward: 90.909
Total T: 356316 Episode Num: 1663 Episode T: 130 Reward: 91.026
Total T: 356388 Episode Num: 1664 Episode T: 72 Reward: 94.581
Total T: 356537 Episode Num: 1665 Episode T: 149 Reward: 90.275
Total T: 356684 Episode Num: 1666 Episode T: 147 Reward: 90.490
Total T: 356774 Episode Num: 1667 Episode T: 90 Reward: 93.919
Total T: 356852 Episode Num: 1668 Episode T: 78 Reward: 94.431
Total T: 356930 Episode Num: 1669 Episode T: 78 Reward: 93.714
Total T: 357108 Episode Num: 1670 Episode T: 178 Reward: 87.935
Total T: 357298 Episode Num: 1671 Episode T: 190 Reward: 87.549
Total T: 357393 Episode Num: 1672 Episode T: 95 Reward: 93.816
Total T: 357482 Episode Num: 1673 Episode T: 89 Reward: 93.592
Total T: 357563 Episode Num: 1674 Episode T: 81 Reward: 94.013
Total T: 357650 Episode Num: 1675 Episode T: 87 Reward: 94.710
Total T: 357792 Episode Num: 1676 Episode T: 142 Reward: 91.387
Total T: 357870 Episode Num: 1677 Episode T: 78 Reward: 94.375
Total T: 358008 Episode Num: 1678 Episode T: 138 Reward: 90.560
Total T: 358143 Episode Num: 1679 Episode T: 135 Reward: 90.956
Total T: 358283 Episode Num: 1680 Episode T: 140 Reward: 89.815
Total T: 358360 Episode Num: 1681 Episode T: 77 Reward: 94.507
Total T: 358441 Episode Num: 1682 Episode T: 81 Reward: 94.148
Total T: 358601 Episode Num: 1683 Episode T: 160 Reward: 89.098
Total T: 358738 Episode Num: 1684 Episode T: 137 Reward: 91.220
Total T: 358876 Episode Num: 1685 Episode T: 138 Reward: 90.811
Total T: 358963 Episode Num: 1686 Episode T: 87 Reward: 94.344
Total T: 359095 Episode Num: 1687 Episode T: 132 Reward: 91.136
Total T: 359194 Episode Num: 1688 Episode T: 99 Reward: 92.675
Total T: 359336 Episode Num: 1689 Episode T: 142 Reward: 90.549
Total T: 359477 Episode Num: 1690 Episode T: 141 Reward: 91.027
Total T: 359617 Episode Num: 1691 Episode T: 140 Reward: 90.551
Total T: 359756 Episode Num: 1692 Episode T: 139 Reward: 90.572
Total T: 359888 Episode Num: 1693 Episode T: 132 Reward: 90.788
Total T: 359964 Episode Num: 1694 Episode T: 76 Reward: 94.558
---------------------------------------
Evaluation over 10 episodes: 93.468
---------------------------------------
Total T: 360119 Episode Num: 1695 Episode T: 155 Reward: 89.961
Total T: 360299 Episode Num: 1696 Episode T: 180 Reward: 87.122
Total T: 360478 Episode Num: 1697 Episode T: 179 Reward: 87.877
Total T: 360612 Episode Num: 1698 Episode T: 134 Reward: 90.565
Total T: 360751 Episode Num: 1699 Episode T: 139 Reward: 91.275
Total T: 360890 Episode Num: 1700 Episode T: 139 Reward: 90.953
Total T: 361023 Episode Num: 1701 Episode T: 133 Reward: 91.430
Total T: 361108 Episode Num: 1702 Episode T: 85 Reward: 93.444
Total T: 361197 Episode Num: 1703 Episode T: 89 Reward: 93.652
Total T: 361343 Episode Num: 1704 Episode T: 146 Reward: 90.467
Total T: 361488 Episode Num: 1705 Episode T: 145 Reward: 90.713
Total T: 361564 Episode Num: 1706 Episode T: 76 Reward: 94.785
Total T: 361699 Episode Num: 1707 Episode T: 135 Reward: 90.980
Total T: 361792 Episode Num: 1708 Episode T: 93 Reward: 93.695
Total T: 361889 Episode Num: 1709 Episode T: 97 Reward: 93.616
Total T: 361968 Episode Num: 1710 Episode T: 79 Reward: 94.729
Total T: 362052 Episode Num: 1711 Episode T: 84 Reward: 94.132
Total T: 362186 Episode Num: 1712 Episode T: 134 Reward: 90.983
Total T: 362318 Episode Num: 1713 Episode T: 132 Reward: 90.290
Total T: 362419 Episode Num: 1714 Episode T: 101 Reward: 92.953
Total T: 362500 Episode Num: 1715 Episode T: 81 Reward: 93.883
Total T: 362654 Episode Num: 1716 Episode T: 154 Reward: 89.012
Total T: 362739 Episode Num: 1717 Episode T: 85 Reward: 94.252
Total T: 362888 Episode Num: 1718 Episode T: 149 Reward: 90.165
Total T: 362980 Episode Num: 1719 Episode T: 92 Reward: 93.747
Total T: 363163 Episode Num: 1720 Episode T: 183 Reward: 87.919
Total T: 363300 Episode Num: 1721 Episode T: 137 Reward: 91.053
Total T: 363381 Episode Num: 1722 Episode T: 81 Reward: 94.313
Total T: 363527 Episode Num: 1723 Episode T: 146 Reward: 89.913
Total T: 363710 Episode Num: 1724 Episode T: 183 Reward: 87.103
Total T: 363852 Episode Num: 1725 Episode T: 142 Reward: 90.738
Total T: 363993 Episode Num: 1726 Episode T: 141 Reward: 90.861
Total T: 364110 Episode Num: 1727 Episode T: 117 Reward: 91.692
Total T: 364189 Episode Num: 1728 Episode T: 79 Reward: 94.152
Total T: 364320 Episode Num: 1729 Episode T: 131 Reward: 90.847
Total T: 364412 Episode Num: 1730 Episode T: 92 Reward: 93.665
Total T: 364503 Episode Num: 1731 Episode T: 91 Reward: 93.494
Total T: 364573 Episode Num: 1732 Episode T: 70 Reward: 94.586
Total T: 364718 Episode Num: 1733 Episode T: 145 Reward: 90.034
Total T: 364796 Episode Num: 1734 Episode T: 78 Reward: 94.488
Total T: 364930 Episode Num: 1735 Episode T: 134 Reward: 90.895
---------------------------------------
Evaluation over 10 episodes: 93.465
---------------------------------------
Total T: 365033 Episode Num: 1736 Episode T: 103 Reward: 92.840
Total T: 365112 Episode Num: 1737 Episode T: 79 Reward: 94.626
Total T: 365251 Episode Num: 1738 Episode T: 139 Reward: 90.025
Total T: 365324 Episode Num: 1739 Episode T: 73 Reward: 94.573
Total T: 365460 Episode Num: 1740 Episode T: 136 Reward: 91.429
Total T: 365537 Episode Num: 1741 Episode T: 77 Reward: 94.706
Total T: 365623 Episode Num: 1742 Episode T: 86 Reward: 94.263
Total T: 365699 Episode Num: 1743 Episode T: 76 Reward: 94.769
Total T: 365783 Episode Num: 1744 Episode T: 84 Reward: 94.425
Total T: 365928 Episode Num: 1745 Episode T: 145 Reward: 90.752
Total T: 366061 Episode Num: 1746 Episode T: 133 Reward: 91.337
Total T: 366136 Episode Num: 1747 Episode T: 75 Reward: 94.781
Total T: 366273 Episode Num: 1748 Episode T: 137 Reward: 91.869
Total T: 366353 Episode Num: 1749 Episode T: 80 Reward: 94.239
Total T: 366489 Episode Num: 1750 Episode T: 136 Reward: 90.971
Total T: 366574 Episode Num: 1751 Episode T: 85 Reward: 94.125
Total T: 366722 Episode Num: 1752 Episode T: 148 Reward: 90.731
Total T: 366867 Episode Num: 1753 Episode T: 145 Reward: 90.265
Total T: 366955 Episode Num: 1754 Episode T: 88 Reward: 93.403
Total T: 367031 Episode Num: 1755 Episode T: 76 Reward: 94.739
Total T: 367107 Episode Num: 1756 Episode T: 76 Reward: 94.071
Total T: 367191 Episode Num: 1757 Episode T: 84 Reward: 94.529
Total T: 367279 Episode Num: 1758 Episode T: 88 Reward: 93.851
Total T: 367365 Episode Num: 1759 Episode T: 86 Reward: 94.500
Total T: 367446 Episode Num: 1760 Episode T: 81 Reward: 93.935
Total T: 367582 Episode Num: 1761 Episode T: 136 Reward: 90.238
Total T: 367688 Episode Num: 1762 Episode T: 106 Reward: 92.660
Total T: 367764 Episode Num: 1763 Episode T: 76 Reward: 94.860
Total T: 367910 Episode Num: 1764 Episode T: 146 Reward: 90.241
Total T: 367990 Episode Num: 1765 Episode T: 80 Reward: 94.387
Total T: 368121 Episode Num: 1766 Episode T: 131 Reward: 91.218
Total T: 368259 Episode Num: 1767 Episode T: 138 Reward: 90.209
Total T: 368391 Episode Num: 1768 Episode T: 132 Reward: 90.936
Total T: 368531 Episode Num: 1769 Episode T: 140 Reward: 91.303
Total T: 368618 Episode Num: 1770 Episode T: 87 Reward: 93.608
Total T: 368761 Episode Num: 1771 Episode T: 143 Reward: 90.400
Total T: 368919 Episode Num: 1772 Episode T: 158 Reward: 89.020
Total T: 369011 Episode Num: 1773 Episode T: 92 Reward: 93.650
Total T: 369117 Episode Num: 1774 Episode T: 106 Reward: 92.837
Total T: 369189 Episode Num: 1775 Episode T: 72 Reward: 94.518
Total T: 369322 Episode Num: 1776 Episode T: 133 Reward: 90.849
Total T: 369402 Episode Num: 1777 Episode T: 80 Reward: 94.301
Total T: 369487 Episode Num: 1778 Episode T: 85 Reward: 93.927
Total T: 369569 Episode Num: 1779 Episode T: 82 Reward: 93.857
Total T: 369654 Episode Num: 1780 Episode T: 85 Reward: 94.210
Total T: 369792 Episode Num: 1781 Episode T: 138 Reward: 90.982
Total T: 369883 Episode Num: 1782 Episode T: 91 Reward: 93.923
---------------------------------------
Evaluation over 10 episodes: 93.476
---------------------------------------
Total T: 370020 Episode Num: 1783 Episode T: 137 Reward: 90.992
Total T: 370110 Episode Num: 1784 Episode T: 90 Reward: 93.991
Total T: 370253 Episode Num: 1785 Episode T: 143 Reward: 91.176
Total T: 370348 Episode Num: 1786 Episode T: 95 Reward: 93.435
Total T: 370501 Episode Num: 1787 Episode T: 153 Reward: 89.819
Total T: 370644 Episode Num: 1788 Episode T: 143 Reward: 89.514
Total T: 370786 Episode Num: 1789 Episode T: 142 Reward: 90.869
Total T: 370872 Episode Num: 1790 Episode T: 86 Reward: 94.160
Total T: 370949 Episode Num: 1791 Episode T: 77 Reward: 95.012
Total T: 371099 Episode Num: 1792 Episode T: 150 Reward: 89.944
Total T: 371235 Episode Num: 1793 Episode T: 136 Reward: 90.831
Total T: 371308 Episode Num: 1794 Episode T: 73 Reward: 94.909
Total T: 371457 Episode Num: 1795 Episode T: 149 Reward: 89.966
Total T: 371547 Episode Num: 1796 Episode T: 90 Reward: 93.842
Total T: 371691 Episode Num: 1797 Episode T: 144 Reward: 90.912
Total T: 371775 Episode Num: 1798 Episode T: 84 Reward: 94.460
Total T: 371911 Episode Num: 1799 Episode T: 136 Reward: 90.856
Total T: 371986 Episode Num: 1800 Episode T: 75 Reward: 94.517
Total T: 372079 Episode Num: 1801 Episode T: 93 Reward: 93.448
Total T: 372157 Episode Num: 1802 Episode T: 78 Reward: 94.279
Total T: 372311 Episode Num: 1803 Episode T: 154 Reward: 89.144
Total T: 372410 Episode Num: 1804 Episode T: 99 Reward: 93.136
Total T: 372561 Episode Num: 1805 Episode T: 151 Reward: 90.261
Total T: 372692 Episode Num: 1806 Episode T: 131 Reward: 91.020
Total T: 372838 Episode Num: 1807 Episode T: 146 Reward: 90.055
Total T: 372915 Episode Num: 1808 Episode T: 77 Reward: 94.498
Total T: 373048 Episode Num: 1809 Episode T: 133 Reward: 91.079
Total T: 373198 Episode Num: 1810 Episode T: 150 Reward: 89.918
Total T: 373294 Episode Num: 1811 Episode T: 96 Reward: 93.787
Total T: 373383 Episode Num: 1812 Episode T: 89 Reward: 93.692
Total T: 373525 Episode Num: 1813 Episode T: 142 Reward: 90.434
Total T: 373655 Episode Num: 1814 Episode T: 130 Reward: 91.550
Total T: 373733 Episode Num: 1815 Episode T: 78 Reward: 94.197
Total T: 373869 Episode Num: 1816 Episode T: 136 Reward: 90.714
Total T: 374026 Episode Num: 1817 Episode T: 157 Reward: 88.925
Total T: 374103 Episode Num: 1818 Episode T: 77 Reward: 94.646
Total T: 374243 Episode Num: 1819 Episode T: 140 Reward: 91.182
Total T: 374327 Episode Num: 1820 Episode T: 84 Reward: 94.414
Total T: 374463 Episode Num: 1821 Episode T: 136 Reward: 90.567
Total T: 374554 Episode Num: 1822 Episode T: 91 Reward: 93.158
Total T: 374637 Episode Num: 1823 Episode T: 83 Reward: 94.386
Total T: 374723 Episode Num: 1824 Episode T: 86 Reward: 94.120
Total T: 374859 Episode Num: 1825 Episode T: 136 Reward: 90.713
Total T: 374939 Episode Num: 1826 Episode T: 80 Reward: 94.031
---------------------------------------
Evaluation over 10 episodes: 93.490
---------------------------------------
Total T: 375078 Episode Num: 1827 Episode T: 139 Reward: 91.183
Total T: 375156 Episode Num: 1828 Episode T: 78 Reward: 94.371
Total T: 375259 Episode Num: 1829 Episode T: 103 Reward: 92.454
Total T: 375403 Episode Num: 1830 Episode T: 144 Reward: 90.581
Total T: 375569 Episode Num: 1831 Episode T: 166 Reward: 89.532
Total T: 375714 Episode Num: 1832 Episode T: 145 Reward: 90.216
Total T: 375794 Episode Num: 1833 Episode T: 80 Reward: 94.663
Total T: 375939 Episode Num: 1834 Episode T: 145 Reward: 90.147
Total T: 376017 Episode Num: 1835 Episode T: 78 Reward: 94.257
Total T: 376092 Episode Num: 1836 Episode T: 75 Reward: 94.560
Total T: 376234 Episode Num: 1837 Episode T: 142 Reward: 91.059
Total T: 376386 Episode Num: 1838 Episode T: 152 Reward: 90.046
Total T: 376463 Episode Num: 1839 Episode T: 77 Reward: 94.077
Total T: 376596 Episode Num: 1840 Episode T: 133 Reward: 90.903
Total T: 376735 Episode Num: 1841 Episode T: 139 Reward: 90.796
Total T: 376868 Episode Num: 1842 Episode T: 133 Reward: 90.324
Total T: 376941 Episode Num: 1843 Episode T: 73 Reward: 94.527
Total T: 377033 Episode Num: 1844 Episode T: 92 Reward: 93.653
Total T: 377113 Episode Num: 1845 Episode T: 80 Reward: 94.532
Total T: 377193 Episode Num: 1846 Episode T: 80 Reward: 93.986
Total T: 377275 Episode Num: 1847 Episode T: 82 Reward: 94.346
Total T: 377347 Episode Num: 1848 Episode T: 72 Reward: 94.698
Total T: 377485 Episode Num: 1849 Episode T: 138 Reward: 90.823
Total T: 377616 Episode Num: 1850 Episode T: 131 Reward: 90.928
Total T: 377748 Episode Num: 1851 Episode T: 132 Reward: 90.753
Total T: 377843 Episode Num: 1852 Episode T: 95 Reward: 93.410
Total T: 377926 Episode Num: 1853 Episode T: 83 Reward: 94.310
Total T: 378092 Episode Num: 1854 Episode T: 166 Reward: 89.313
Total T: 378241 Episode Num: 1855 Episode T: 149 Reward: 90.734
Total T: 378380 Episode Num: 1856 Episode T: 139 Reward: 90.997
Total T: 378531 Episode Num: 1857 Episode T: 151 Reward: 89.575
Total T: 378629 Episode Num: 1858 Episode T: 98 Reward: 93.647
Total T: 378770 Episode Num: 1859 Episode T: 141 Reward: 89.764
Total T: 378845 Episode Num: 1860 Episode T: 75 Reward: 94.420
Total T: 378982 Episode Num: 1861 Episode T: 137 Reward: 90.613
Total T: 379062 Episode Num: 1862 Episode T: 80 Reward: 95.077
Total T: 379207 Episode Num: 1863 Episode T: 145 Reward: 90.991
Total T: 379362 Episode Num: 1864 Episode T: 155 Reward: 90.347
Total T: 379450 Episode Num: 1865 Episode T: 88 Reward: 94.330
Total T: 379588 Episode Num: 1866 Episode T: 138 Reward: 90.535
Total T: 379669 Episode Num: 1867 Episode T: 81 Reward: 94.202
Total T: 379815 Episode Num: 1868 Episode T: 146 Reward: 90.188
Total T: 379904 Episode Num: 1869 Episode T: 89 Reward: 93.675
---------------------------------------
Evaluation over 10 episodes: 93.481
---------------------------------------
Total T: 380047 Episode Num: 1870 Episode T: 143 Reward: 91.032
Total T: 380122 Episode Num: 1871 Episode T: 75 Reward: 94.691
Total T: 380259 Episode Num: 1872 Episode T: 137 Reward: 90.814
Total T: 380392 Episode Num: 1873 Episode T: 133 Reward: 90.714
Total T: 380534 Episode Num: 1874 Episode T: 142 Reward: 91.387
Total T: 380682 Episode Num: 1875 Episode T: 148 Reward: 90.793
Total T: 380782 Episode Num: 1876 Episode T: 100 Reward: 93.319
Total T: 380915 Episode Num: 1877 Episode T: 133 Reward: 91.371
Total T: 381055 Episode Num: 1878 Episode T: 140 Reward: 90.693
Total T: 381222 Episode Num: 1879 Episode T: 167 Reward: 88.649
Total T: 381303 Episode Num: 1880 Episode T: 81 Reward: 94.229
Total T: 381464 Episode Num: 1881 Episode T: 161 Reward: 89.736
Total T: 381535 Episode Num: 1882 Episode T: 71 Reward: 94.698
Total T: 381689 Episode Num: 1883 Episode T: 154 Reward: 89.836
Total T: 381773 Episode Num: 1884 Episode T: 84 Reward: 94.167
Total T: 381897 Episode Num: 1885 Episode T: 124 Reward: 92.044
Total T: 382052 Episode Num: 1886 Episode T: 155 Reward: 88.812
Total T: 382132 Episode Num: 1887 Episode T: 80 Reward: 94.689
Total T: 382216 Episode Num: 1888 Episode T: 84 Reward: 93.987
Total T: 382292 Episode Num: 1889 Episode T: 76 Reward: 94.581
Total T: 382380 Episode Num: 1890 Episode T: 88 Reward: 93.869
Total T: 382518 Episode Num: 1891 Episode T: 138 Reward: 91.803
Total T: 382689 Episode Num: 1892 Episode T: 171 Reward: 88.024
Total T: 382834 Episode Num: 1893 Episode T: 145 Reward: 90.112
Total T: 382972 Episode Num: 1894 Episode T: 138 Reward: 90.173
Total T: 383110 Episode Num: 1895 Episode T: 138 Reward: 90.903
Total T: 383253 Episode Num: 1896 Episode T: 143 Reward: 91.288
Total T: 383339 Episode Num: 1897 Episode T: 86 Reward: 94.066
Total T: 383422 Episode Num: 1898 Episode T: 83 Reward: 94.327
Total T: 383560 Episode Num: 1899 Episode T: 138 Reward: 90.435
Total T: 383698 Episode Num: 1900 Episode T: 138 Reward: 90.119
Total T: 383776 Episode Num: 1901 Episode T: 78 Reward: 94.226
Total T: 383851 Episode Num: 1902 Episode T: 75 Reward: 94.715
Total T: 383999 Episode Num: 1903 Episode T: 148 Reward: 90.300
Total T: 384161 Episode Num: 1904 Episode T: 162 Reward: 88.638
Total T: 384305 Episode Num: 1905 Episode T: 144 Reward: 90.405
Total T: 384383 Episode Num: 1906 Episode T: 78 Reward: 94.434
Total T: 384523 Episode Num: 1907 Episode T: 140 Reward: 91.908
Total T: 384598 Episode Num: 1908 Episode T: 75 Reward: 95.050
Total T: 384685 Episode Num: 1909 Episode T: 87 Reward: 94.136
Total T: 384818 Episode Num: 1910 Episode T: 133 Reward: 90.717
Total T: 384963 Episode Num: 1911 Episode T: 145 Reward: 90.417
---------------------------------------
Evaluation over 10 episodes: 93.487
---------------------------------------
Total T: 385096 Episode Num: 1912 Episode T: 133 Reward: 91.098
Total T: 385234 Episode Num: 1913 Episode T: 138 Reward: 91.157
Total T: 385315 Episode Num: 1914 Episode T: 81 Reward: 94.416
Total T: 385398 Episode Num: 1915 Episode T: 83 Reward: 94.296
Total T: 385479 Episode Num: 1916 Episode T: 81 Reward: 94.197
Total T: 385564 Episode Num: 1917 Episode T: 85 Reward: 93.848
Total T: 385636 Episode Num: 1918 Episode T: 72 Reward: 94.661
Total T: 385727 Episode Num: 1919 Episode T: 91 Reward: 93.435
Total T: 385809 Episode Num: 1920 Episode T: 82 Reward: 93.960
Total T: 385943 Episode Num: 1921 Episode T: 134 Reward: 91.297
Total T: 386084 Episode Num: 1922 Episode T: 141 Reward: 90.693
Total T: 386218 Episode Num: 1923 Episode T: 134 Reward: 90.890
Total T: 386299 Episode Num: 1924 Episode T: 81 Reward: 94.074
Total T: 386382 Episode Num: 1925 Episode T: 83 Reward: 94.234
Total T: 386518 Episode Num: 1926 Episode T: 136 Reward: 90.974
Total T: 386622 Episode Num: 1927 Episode T: 104 Reward: 93.033
Total T: 386702 Episode Num: 1928 Episode T: 80 Reward: 94.420
Total T: 386850 Episode Num: 1929 Episode T: 148 Reward: 90.269
Total T: 386942 Episode Num: 1930 Episode T: 92 Reward: 93.382
Total T: 387080 Episode Num: 1931 Episode T: 138 Reward: 90.617
Total T: 387220 Episode Num: 1932 Episode T: 140 Reward: 91.132
Total T: 387323 Episode Num: 1933 Episode T: 103 Reward: 93.452
Total T: 387407 Episode Num: 1934 Episode T: 84 Reward: 94.447
Total T: 387492 Episode Num: 1935 Episode T: 85 Reward: 93.883
Total T: 387570 Episode Num: 1936 Episode T: 78 Reward: 94.425
Total T: 387673 Episode Num: 1937 Episode T: 103 Reward: 92.845
Total T: 387815 Episode Num: 1938 Episode T: 142 Reward: 90.397
Total T: 387893 Episode Num: 1939 Episode T: 78 Reward: 94.332
Total T: 387982 Episode Num: 1940 Episode T: 89 Reward: 93.619
Total T: 388078 Episode Num: 1941 Episode T: 96 Reward: 93.164
Total T: 388242 Episode Num: 1942 Episode T: 164 Reward: 89.701
Total T: 388385 Episode Num: 1943 Episode T: 143 Reward: 90.805
Total T: 388540 Episode Num: 1944 Episode T: 155 Reward: 90.114
Total T: 388683 Episode Num: 1945 Episode T: 143 Reward: 90.670
Total T: 388823 Episode Num: 1946 Episode T: 140 Reward: 90.834
Total T: 388898 Episode Num: 1947 Episode T: 75 Reward: 94.611
Total T: 389039 Episode Num: 1948 Episode T: 141 Reward: 91.339
Total T: 389124 Episode Num: 1949 Episode T: 85 Reward: 94.545
Total T: 389197 Episode Num: 1950 Episode T: 73 Reward: 94.748
Total T: 389346 Episode Num: 1951 Episode T: 149 Reward: 89.992
Total T: 389432 Episode Num: 1952 Episode T: 86 Reward: 94.188
Total T: 389597 Episode Num: 1953 Episode T: 165 Reward: 89.668
Total T: 389682 Episode Num: 1954 Episode T: 85 Reward: 94.120
Total T: 389817 Episode Num: 1955 Episode T: 135 Reward: 90.671
Total T: 389903 Episode Num: 1956 Episode T: 86 Reward: 94.123
---------------------------------------
Evaluation over 10 episodes: 93.540
---------------------------------------
Total T: 390046 Episode Num: 1957 Episode T: 143 Reward: 89.708
Total T: 390193 Episode Num: 1958 Episode T: 147 Reward: 90.208
Total T: 390270 Episode Num: 1959 Episode T: 77 Reward: 94.913
Total T: 390445 Episode Num: 1960 Episode T: 175 Reward: 89.230
Total T: 390526 Episode Num: 1961 Episode T: 81 Reward: 94.471
Total T: 390603 Episode Num: 1962 Episode T: 77 Reward: 95.134
Total T: 390743 Episode Num: 1963 Episode T: 140 Reward: 90.033
Total T: 390896 Episode Num: 1964 Episode T: 153 Reward: 89.805
Total T: 391049 Episode Num: 1965 Episode T: 153 Reward: 90.729
Total T: 391124 Episode Num: 1966 Episode T: 75 Reward: 94.167
Total T: 391203 Episode Num: 1967 Episode T: 79 Reward: 94.469
Total T: 391290 Episode Num: 1968 Episode T: 87 Reward: 94.314
Total T: 391437 Episode Num: 1969 Episode T: 147 Reward: 89.897
Total T: 391602 Episode Num: 1970 Episode T: 165 Reward: 89.361
Total T: 391697 Episode Num: 1971 Episode T: 95 Reward: 93.850
Total T: 391777 Episode Num: 1972 Episode T: 80 Reward: 94.135
Total T: 391915 Episode Num: 1973 Episode T: 138 Reward: 90.145
Total T: 392006 Episode Num: 1974 Episode T: 91 Reward: 93.450
Total T: 392091 Episode Num: 1975 Episode T: 85 Reward: 94.436
Total T: 392170 Episode Num: 1976 Episode T: 79 Reward: 94.556
Total T: 392305 Episode Num: 1977 Episode T: 135 Reward: 91.020
Total T: 392449 Episode Num: 1978 Episode T: 144 Reward: 90.352
Total T: 392591 Episode Num: 1979 Episode T: 142 Reward: 90.543
Total T: 392727 Episode Num: 1980 Episode T: 136 Reward: 90.562
Total T: 392801 Episode Num: 1981 Episode T: 74 Reward: 94.310
Total T: 392947 Episode Num: 1982 Episode T: 146 Reward: 89.853
Total T: 393094 Episode Num: 1983 Episode T: 147 Reward: 90.160
Total T: 393173 Episode Num: 1984 Episode T: 79 Reward: 94.917
Total T: 393310 Episode Num: 1985 Episode T: 137 Reward: 90.557
Total T: 393400 Episode Num: 1986 Episode T: 90 Reward: 94.099
Total T: 393480 Episode Num: 1987 Episode T: 80 Reward: 94.533
Total T: 393630 Episode Num: 1988 Episode T: 150 Reward: 90.446
Total T: 393726 Episode Num: 1989 Episode T: 96 Reward: 92.695
Total T: 393870 Episode Num: 1990 Episode T: 144 Reward: 90.542
Total T: 394001 Episode Num: 1991 Episode T: 131 Reward: 91.507
Total T: 394144 Episode Num: 1992 Episode T: 143 Reward: 91.347
Total T: 394298 Episode Num: 1993 Episode T: 154 Reward: 89.681
Total T: 394381 Episode Num: 1994 Episode T: 83 Reward: 94.256
Total T: 394515 Episode Num: 1995 Episode T: 134 Reward: 91.612
Total T: 394674 Episode Num: 1996 Episode T: 159 Reward: 88.918
Total T: 394755 Episode Num: 1997 Episode T: 81 Reward: 94.316
Total T: 394846 Episode Num: 1998 Episode T: 91 Reward: 93.948
Total T: 394936 Episode Num: 1999 Episode T: 90 Reward: 93.537
---------------------------------------
Evaluation over 10 episodes: 93.482
---------------------------------------
Total T: 395073 Episode Num: 2000 Episode T: 137 Reward: 91.258
Total T: 395212 Episode Num: 2001 Episode T: 139 Reward: 90.318
Total T: 395345 Episode Num: 2002 Episode T: 133 Reward: 90.493
Total T: 395483 Episode Num: 2003 Episode T: 138 Reward: 90.744
Total T: 395586 Episode Num: 2004 Episode T: 103 Reward: 93.391
Total T: 395664 Episode Num: 2005 Episode T: 78 Reward: 94.704
Total T: 395801 Episode Num: 2006 Episode T: 137 Reward: 90.530
Total T: 395936 Episode Num: 2007 Episode T: 135 Reward: 91.382
Total T: 396077 Episode Num: 2008 Episode T: 141 Reward: 90.576
Total T: 396154 Episode Num: 2009 Episode T: 77 Reward: 94.848
Total T: 396291 Episode Num: 2010 Episode T: 137 Reward: 91.962
Total T: 396372 Episode Num: 2011 Episode T: 81 Reward: 93.639
Total T: 396465 Episode Num: 2012 Episode T: 93 Reward: 93.675
Total T: 396544 Episode Num: 2013 Episode T: 79 Reward: 94.490
Total T: 396706 Episode Num: 2014 Episode T: 162 Reward: 89.195
Total T: 396847 Episode Num: 2015 Episode T: 141 Reward: 90.379
Total T: 396993 Episode Num: 2016 Episode T: 146 Reward: 90.416
Total T: 397153 Episode Num: 2017 Episode T: 160 Reward: 89.123
Total T: 397232 Episode Num: 2018 Episode T: 79 Reward: 94.694
Total T: 397375 Episode Num: 2019 Episode T: 143 Reward: 91.270
Total T: 397451 Episode Num: 2020 Episode T: 76 Reward: 95.028
Total T: 397598 Episode Num: 2021 Episode T: 147 Reward: 90.682
Total T: 397734 Episode Num: 2022 Episode T: 136 Reward: 90.352
Total T: 397879 Episode Num: 2023 Episode T: 145 Reward: 90.706
Total T: 397958 Episode Num: 2024 Episode T: 79 Reward: 94.363
Total T: 398045 Episode Num: 2025 Episode T: 87 Reward: 93.477
Total T: 398186 Episode Num: 2026 Episode T: 141 Reward: 91.031
Total T: 398275 Episode Num: 2027 Episode T: 89 Reward: 93.862
Total T: 398409 Episode Num: 2028 Episode T: 134 Reward: 91.148
Total T: 398515 Episode Num: 2029 Episode T: 106 Reward: 92.579
Total T: 398652 Episode Num: 2030 Episode T: 137 Reward: 91.032
Total T: 398792 Episode Num: 2031 Episode T: 140 Reward: 91.136
Total T: 398880 Episode Num: 2032 Episode T: 88 Reward: 93.836
Total T: 399051 Episode Num: 2033 Episode T: 171 Reward: 88.092
Total T: 399126 Episode Num: 2034 Episode T: 75 Reward: 94.617
Total T: 399208 Episode Num: 2035 Episode T: 82 Reward: 94.952
Total T: 399325 Episode Num: 2036 Episode T: 117 Reward: 91.895
Total T: 399463 Episode Num: 2037 Episode T: 138 Reward: 90.973
Total T: 399557 Episode Num: 2038 Episode T: 94 Reward: 93.649
Total T: 399658 Episode Num: 2039 Episode T: 101 Reward: 93.018
Total T: 399738 Episode Num: 2040 Episode T: 80 Reward: 94.404
Total T: 399817 Episode Num: 2041 Episode T: 79 Reward: 94.434
Total T: 399951 Episode Num: 2042 Episode T: 134 Reward: 91.314
---------------------------------------
Evaluation over 10 episodes: 93.532
---------------------------------------
Total T: 400028 Episode Num: 2043 Episode T: 77 Reward: 94.652
Total T: 400168 Episode Num: 2044 Episode T: 140 Reward: 90.827
Total T: 400313 Episode Num: 2045 Episode T: 145 Reward: 90.491
Total T: 400561 Episode Num: 2046 Episode T: 248 Reward: 83.000
Total T: 400637 Episode Num: 2047 Episode T: 76 Reward: 94.598
Total T: 400788 Episode Num: 2048 Episode T: 151 Reward: 89.954
Total T: 400920 Episode Num: 2049 Episode T: 132 Reward: 91.623
Total T: 401003 Episode Num: 2050 Episode T: 83 Reward: 94.231
Total T: 401147 Episode Num: 2051 Episode T: 144 Reward: 89.716
Total T: 401290 Episode Num: 2052 Episode T: 143 Reward: 90.025
Total T: 401424 Episode Num: 2053 Episode T: 134 Reward: 90.847
Total T: 401561 Episode Num: 2054 Episode T: 137 Reward: 90.532
Total T: 401699 Episode Num: 2055 Episode T: 138 Reward: 91.324
Total T: 401793 Episode Num: 2056 Episode T: 94 Reward: 94.123
Total T: 401890 Episode Num: 2057 Episode T: 97 Reward: 92.510
Total T: 402044 Episode Num: 2058 Episode T: 154 Reward: 89.620
Total T: 402144 Episode Num: 2059 Episode T: 100 Reward: 92.997
Total T: 402292 Episode Num: 2060 Episode T: 148 Reward: 91.162
Total T: 402407 Episode Num: 2061 Episode T: 115 Reward: 91.459
Total T: 402496 Episode Num: 2062 Episode T: 89 Reward: 93.170
Total T: 402663 Episode Num: 2063 Episode T: 167 Reward: 88.616
Total T: 402801 Episode Num: 2064 Episode T: 138 Reward: 90.744
Total T: 402888 Episode Num: 2065 Episode T: 87 Reward: 94.081
Total T: 402981 Episode Num: 2066 Episode T: 93 Reward: 93.265
Total T: 403064 Episode Num: 2067 Episode T: 83 Reward: 94.429
Total T: 403146 Episode Num: 2068 Episode T: 82 Reward: 94.180
Total T: 403230 Episode Num: 2069 Episode T: 84 Reward: 93.956
Total T: 403389 Episode Num: 2070 Episode T: 159 Reward: 89.783
Total T: 403539 Episode Num: 2071 Episode T: 150 Reward: 89.668
Total T: 403673 Episode Num: 2072 Episode T: 134 Reward: 91.026
Total T: 403754 Episode Num: 2073 Episode T: 81 Reward: 94.165
Total T: 403890 Episode Num: 2074 Episode T: 136 Reward: 91.388
Total T: 403970 Episode Num: 2075 Episode T: 80 Reward: 94.391
Total T: 404051 Episode Num: 2076 Episode T: 81 Reward: 94.209
Total T: 404247 Episode Num: 2077 Episode T: 196 Reward: 85.917
Total T: 404390 Episode Num: 2078 Episode T: 143 Reward: 90.796
Total T: 404484 Episode Num: 2079 Episode T: 94 Reward: 93.268
Total T: 404620 Episode Num: 2080 Episode T: 136 Reward: 91.118
Total T: 404780 Episode Num: 2081 Episode T: 160 Reward: 89.321
Total T: 404919 Episode Num: 2082 Episode T: 139 Reward: 90.420
---------------------------------------
Evaluation over 10 episodes: 93.536
---------------------------------------
Total T: 405053 Episode Num: 2083 Episode T: 134 Reward: 90.483
Total T: 405130 Episode Num: 2084 Episode T: 77 Reward: 94.612
Total T: 405210 Episode Num: 2085 Episode T: 80 Reward: 94.236
Total T: 405288 Episode Num: 2086 Episode T: 78 Reward: 94.189
Total T: 405423 Episode Num: 2087 Episode T: 135 Reward: 90.949
Total T: 405508 Episode Num: 2088 Episode T: 85 Reward: 94.440
Total T: 405641 Episode Num: 2089 Episode T: 133 Reward: 91.044
Total T: 405716 Episode Num: 2090 Episode T: 75 Reward: 94.451
Total T: 405859 Episode Num: 2091 Episode T: 143 Reward: 90.625
Total T: 406004 Episode Num: 2092 Episode T: 145 Reward: 90.330
Total T: 406096 Episode Num: 2093 Episode T: 92 Reward: 94.160
Total T: 406173 Episode Num: 2094 Episode T: 77 Reward: 94.545
Total T: 406257 Episode Num: 2095 Episode T: 84 Reward: 94.290
Total T: 406408 Episode Num: 2096 Episode T: 151 Reward: 89.607
Total T: 406541 Episode Num: 2097 Episode T: 133 Reward: 91.075
Total T: 406672 Episode Num: 2098 Episode T: 131 Reward: 90.619
Total T: 406807 Episode Num: 2099 Episode T: 135 Reward: 91.576
Total T: 406947 Episode Num: 2100 Episode T: 140 Reward: 90.994
Total T: 407090 Episode Num: 2101 Episode T: 143 Reward: 90.105
Total T: 407226 Episode Num: 2102 Episode T: 136 Reward: 90.969
Total T: 407380 Episode Num: 2103 Episode T: 154 Reward: 89.918
Total T: 407457 Episode Num: 2104 Episode T: 77 Reward: 94.348
Total T: 407537 Episode Num: 2105 Episode T: 80 Reward: 94.433
Total T: 407675 Episode Num: 2106 Episode T: 138 Reward: 90.650
Total T: 407811 Episode Num: 2107 Episode T: 136 Reward: 91.253
Total T: 407904 Episode Num: 2108 Episode T: 93 Reward: 93.925
Total T: 407975 Episode Num: 2109 Episode T: 71 Reward: 94.404
Total T: 408113 Episode Num: 2110 Episode T: 138 Reward: 91.515
Total T: 408246 Episode Num: 2111 Episode T: 133 Reward: 90.509
Total T: 408390 Episode Num: 2112 Episode T: 144 Reward: 90.933
Total T: 408545 Episode Num: 2113 Episode T: 155 Reward: 89.506
Total T: 408688 Episode Num: 2114 Episode T: 143 Reward: 90.175
Total T: 408827 Episode Num: 2115 Episode T: 139 Reward: 90.448
Total T: 408923 Episode Num: 2116 Episode T: 96 Reward: 93.116
Total T: 409063 Episode Num: 2117 Episode T: 140 Reward: 90.402
Total T: 409198 Episode Num: 2118 Episode T: 135 Reward: 90.800
Total T: 409290 Episode Num: 2119 Episode T: 92 Reward: 93.338
Total T: 409373 Episode Num: 2120 Episode T: 83 Reward: 93.900
Total T: 409514 Episode Num: 2121 Episode T: 141 Reward: 90.394
Total T: 409606 Episode Num: 2122 Episode T: 92 Reward: 93.711
Total T: 409683 Episode Num: 2123 Episode T: 77 Reward: 94.704
Total T: 409844 Episode Num: 2124 Episode T: 161 Reward: 89.417
Total T: 409954 Episode Num: 2125 Episode T: 110 Reward: 92.545
---------------------------------------
Evaluation over 10 episodes: 93.520
---------------------------------------
Total T: 410038 Episode Num: 2126 Episode T: 84 Reward: 94.427
Total T: 410128 Episode Num: 2127 Episode T: 90 Reward: 93.961
Total T: 410231 Episode Num: 2128 Episode T: 103 Reward: 92.820
Total T: 410341 Episode Num: 2129 Episode T: 110 Reward: 92.757
Total T: 410474 Episode Num: 2130 Episode T: 133 Reward: 90.503
Total T: 410573 Episode Num: 2131 Episode T: 99 Reward: 93.053
Total T: 410654 Episode Num: 2132 Episode T: 81 Reward: 94.734
Total T: 410788 Episode Num: 2133 Episode T: 134 Reward: 90.285
Total T: 410939 Episode Num: 2134 Episode T: 151 Reward: 89.803
Total T: 411039 Episode Num: 2135 Episode T: 100 Reward: 93.556
Total T: 411127 Episode Num: 2136 Episode T: 88 Reward: 93.850
Total T: 411268 Episode Num: 2137 Episode T: 141 Reward: 90.284
Total T: 411374 Episode Num: 2138 Episode T: 106 Reward: 92.538
Total T: 411510 Episode Num: 2139 Episode T: 136 Reward: 90.883
Total T: 411585 Episode Num: 2140 Episode T: 75 Reward: 94.730
Total T: 411746 Episode Num: 2141 Episode T: 161 Reward: 88.944
Total T: 411881 Episode Num: 2142 Episode T: 135 Reward: 91.066
Total T: 412031 Episode Num: 2143 Episode T: 150 Reward: 90.359
Total T: 412180 Episode Num: 2144 Episode T: 149 Reward: 89.437
Total T: 412278 Episode Num: 2145 Episode T: 98 Reward: 93.100
Total T: 412420 Episode Num: 2146 Episode T: 142 Reward: 90.836
Total T: 412541 Episode Num: 2147 Episode T: 121 Reward: 91.514
Total T: 412688 Episode Num: 2148 Episode T: 147 Reward: 89.889
Total T: 412824 Episode Num: 2149 Episode T: 136 Reward: 91.005
Total T: 412961 Episode Num: 2150 Episode T: 137 Reward: 90.651
Total T: 413096 Episode Num: 2151 Episode T: 135 Reward: 90.402
Total T: 413238 Episode Num: 2152 Episode T: 142 Reward: 90.535
Total T: 413375 Episode Num: 2153 Episode T: 137 Reward: 90.566
Total T: 413549 Episode Num: 2154 Episode T: 174 Reward: 88.204
Total T: 413682 Episode Num: 2155 Episode T: 133 Reward: 91.439
Total T: 413763 Episode Num: 2156 Episode T: 81 Reward: 94.676
Total T: 413911 Episode Num: 2157 Episode T: 148 Reward: 90.778
Total T: 413995 Episode Num: 2158 Episode T: 84 Reward: 93.925
Total T: 414129 Episode Num: 2159 Episode T: 134 Reward: 90.355
Total T: 414276 Episode Num: 2160 Episode T: 147 Reward: 89.679
Total T: 414408 Episode Num: 2161 Episode T: 132 Reward: 90.836
Total T: 414545 Episode Num: 2162 Episode T: 137 Reward: 91.106
Total T: 414681 Episode Num: 2163 Episode T: 136 Reward: 90.906
Total T: 414826 Episode Num: 2164 Episode T: 145 Reward: 90.860
Total T: 414905 Episode Num: 2165 Episode T: 79 Reward: 94.515
---------------------------------------
Evaluation over 10 episodes: 93.500
---------------------------------------
Total T: 415040 Episode Num: 2166 Episode T: 135 Reward: 90.620
Total T: 415177 Episode Num: 2167 Episode T: 137 Reward: 90.293
Total T: 415311 Episode Num: 2168 Episode T: 134 Reward: 91.155
Total T: 415387 Episode Num: 2169 Episode T: 76 Reward: 94.259
Total T: 415468 Episode Num: 2170 Episode T: 81 Reward: 94.306
Total T: 415602 Episode Num: 2171 Episode T: 134 Reward: 90.338
Total T: 415688 Episode Num: 2172 Episode T: 86 Reward: 93.990
Total T: 415770 Episode Num: 2173 Episode T: 82 Reward: 94.436
Total T: 415912 Episode Num: 2174 Episode T: 142 Reward: 91.400
Total T: 415997 Episode Num: 2175 Episode T: 85 Reward: 94.286
Total T: 416078 Episode Num: 2176 Episode T: 81 Reward: 94.470
Total T: 416162 Episode Num: 2177 Episode T: 84 Reward: 94.115
Total T: 416293 Episode Num: 2178 Episode T: 131 Reward: 91.649
Total T: 416392 Episode Num: 2179 Episode T: 99 Reward: 92.849
Total T: 416529 Episode Num: 2180 Episode T: 137 Reward: 90.688
Total T: 416616 Episode Num: 2181 Episode T: 87 Reward: 94.311
Total T: 416704 Episode Num: 2182 Episode T: 88 Reward: 93.774
Total T: 416797 Episode Num: 2183 Episode T: 93 Reward: 93.569
Total T: 416939 Episode Num: 2184 Episode T: 142 Reward: 90.380
Total T: 417118 Episode Num: 2185 Episode T: 179 Reward: 87.964
Total T: 417268 Episode Num: 2186 Episode T: 150 Reward: 90.034
Total T: 417410 Episode Num: 2187 Episode T: 142 Reward: 90.390
Total T: 417551 Episode Num: 2188 Episode T: 141 Reward: 90.933
Total T: 417708 Episode Num: 2189 Episode T: 157 Reward: 89.884
Total T: 417858 Episode Num: 2190 Episode T: 150 Reward: 89.915
Total T: 417937 Episode Num: 2191 Episode T: 79 Reward: 94.208
Total T: 418013 Episode Num: 2192 Episode T: 76 Reward: 94.164
Total T: 418089 Episode Num: 2193 Episode T: 76 Reward: 94.336
Total T: 418168 Episode Num: 2194 Episode T: 79 Reward: 94.307
Total T: 418246 Episode Num: 2195 Episode T: 78 Reward: 94.384
Total T: 418321 Episode Num: 2196 Episode T: 75 Reward: 94.635
Total T: 418400 Episode Num: 2197 Episode T: 79 Reward: 94.416
Total T: 418513 Episode Num: 2198 Episode T: 113 Reward: 91.910
Total T: 418586 Episode Num: 2199 Episode T: 73 Reward: 94.471
Total T: 418734 Episode Num: 2200 Episode T: 148 Reward: 89.584
Total T: 418807 Episode Num: 2201 Episode T: 73 Reward: 94.724
Total T: 418881 Episode Num: 2202 Episode T: 74 Reward: 94.585
Total T: 419010 Episode Num: 2203 Episode T: 129 Reward: 91.136
Total T: 419172 Episode Num: 2204 Episode T: 162 Reward: 88.532
Total T: 419269 Episode Num: 2205 Episode T: 97 Reward: 93.674
Total T: 419421 Episode Num: 2206 Episode T: 152 Reward: 89.508
Total T: 419504 Episode Num: 2207 Episode T: 83 Reward: 94.254
Total T: 419605 Episode Num: 2208 Episode T: 101 Reward: 92.638
Total T: 419684 Episode Num: 2209 Episode T: 79 Reward: 94.218
Total T: 419761 Episode Num: 2210 Episode T: 77 Reward: 94.812
Total T: 419854 Episode Num: 2211 Episode T: 93 Reward: 93.040
Total T: 419954 Episode Num: 2212 Episode T: 100 Reward: 93.341
---------------------------------------
Evaluation over 10 episodes: 93.536
---------------------------------------
Total T: 420035 Episode Num: 2213 Episode T: 81 Reward: 93.891
Total T: 420167 Episode Num: 2214 Episode T: 132 Reward: 91.329
Total T: 420245 Episode Num: 2215 Episode T: 78 Reward: 94.260
Total T: 420403 Episode Num: 2216 Episode T: 158 Reward: 89.987
Total T: 420486 Episode Num: 2217 Episode T: 83 Reward: 94.581
Total T: 420574 Episode Num: 2218 Episode T: 88 Reward: 93.727
Total T: 420707 Episode Num: 2219 Episode T: 133 Reward: 90.823
Total T: 420841 Episode Num: 2220 Episode T: 134 Reward: 91.596
Total T: 420978 Episode Num: 2221 Episode T: 137 Reward: 91.341
Total T: 421113 Episode Num: 2222 Episode T: 135 Reward: 91.733
Total T: 421269 Episode Num: 2223 Episode T: 156 Reward: 90.129
Total T: 421417 Episode Num: 2224 Episode T: 148 Reward: 89.190
Total T: 421573 Episode Num: 2225 Episode T: 156 Reward: 88.557
Total T: 421711 Episode Num: 2226 Episode T: 138 Reward: 90.531
Total T: 421851 Episode Num: 2227 Episode T: 140 Reward: 91.203
Total T: 422002 Episode Num: 2228 Episode T: 151 Reward: 89.552
Total T: 422140 Episode Num: 2229 Episode T: 138 Reward: 91.064
Total T: 422222 Episode Num: 2230 Episode T: 82 Reward: 94.458
Total T: 422382 Episode Num: 2231 Episode T: 160 Reward: 89.293
Total T: 422501 Episode Num: 2232 Episode T: 119 Reward: 91.946
Total T: 422576 Episode Num: 2233 Episode T: 75 Reward: 94.264
Total T: 422719 Episode Num: 2234 Episode T: 143 Reward: 90.675
Total T: 422794 Episode Num: 2235 Episode T: 75 Reward: 95.102
Total T: 422876 Episode Num: 2236 Episode T: 82 Reward: 94.260
Total T: 423019 Episode Num: 2237 Episode T: 143 Reward: 90.229
Total T: 423162 Episode Num: 2238 Episode T: 143 Reward: 90.783
Total T: 423307 Episode Num: 2239 Episode T: 145 Reward: 90.512
Total T: 423447 Episode Num: 2240 Episode T: 140 Reward: 90.210
Total T: 423522 Episode Num: 2241 Episode T: 75 Reward: 94.598
Total T: 423654 Episode Num: 2242 Episode T: 132 Reward: 91.125
Total T: 423786 Episode Num: 2243 Episode T: 132 Reward: 91.068
Total T: 423933 Episode Num: 2244 Episode T: 147 Reward: 90.007
Total T: 424014 Episode Num: 2245 Episode T: 81 Reward: 94.286
Total T: 424089 Episode Num: 2246 Episode T: 75 Reward: 94.605
Total T: 424230 Episode Num: 2247 Episode T: 141 Reward: 91.184
Total T: 424314 Episode Num: 2248 Episode T: 84 Reward: 94.436
Total T: 424446 Episode Num: 2249 Episode T: 132 Reward: 91.121
Total T: 424527 Episode Num: 2250 Episode T: 81 Reward: 94.609
Total T: 424662 Episode Num: 2251 Episode T: 135 Reward: 91.538
Total T: 424803 Episode Num: 2252 Episode T: 141 Reward: 90.431
Total T: 424882 Episode Num: 2253 Episode T: 79 Reward: 94.710
Total T: 424959 Episode Num: 2254 Episode T: 77 Reward: 94.463
---------------------------------------
Evaluation over 10 episodes: 93.508
---------------------------------------
Total T: 425050 Episode Num: 2255 Episode T: 91 Reward: 93.524
Total T: 425127 Episode Num: 2256 Episode T: 77 Reward: 94.099
Total T: 425223 Episode Num: 2257 Episode T: 96 Reward: 93.116
Total T: 425317 Episode Num: 2258 Episode T: 94 Reward: 93.224
Total T: 425397 Episode Num: 2259 Episode T: 80 Reward: 94.651
Total T: 425473 Episode Num: 2260 Episode T: 76 Reward: 94.321
Total T: 425560 Episode Num: 2261 Episode T: 87 Reward: 93.162
Total T: 425700 Episode Num: 2262 Episode T: 140 Reward: 90.601
Total T: 425782 Episode Num: 2263 Episode T: 82 Reward: 94.453
Total T: 425947 Episode Num: 2264 Episode T: 165 Reward: 89.113
Total T: 426044 Episode Num: 2265 Episode T: 97 Reward: 93.384
Total T: 426129 Episode Num: 2266 Episode T: 85 Reward: 93.926
Total T: 426208 Episode Num: 2267 Episode T: 79 Reward: 94.670
Total T: 426349 Episode Num: 2268 Episode T: 141 Reward: 90.495
Total T: 426434 Episode Num: 2269 Episode T: 85 Reward: 94.167
Total T: 426515 Episode Num: 2270 Episode T: 81 Reward: 94.654
Total T: 426615 Episode Num: 2271 Episode T: 100 Reward: 92.811
Total T: 426687 Episode Num: 2272 Episode T: 72 Reward: 94.644
Total T: 426771 Episode Num: 2273 Episode T: 84 Reward: 93.669
Total T: 426864 Episode Num: 2274 Episode T: 93 Reward: 93.110
Total T: 427001 Episode Num: 2275 Episode T: 137 Reward: 90.400
Total T: 427132 Episode Num: 2276 Episode T: 131 Reward: 90.602
Total T: 427210 Episode Num: 2277 Episode T: 78 Reward: 93.894
Total T: 427290 Episode Num: 2278 Episode T: 80 Reward: 94.397
Total T: 427423 Episode Num: 2279 Episode T: 133 Reward: 91.297
Total T: 427555 Episode Num: 2280 Episode T: 132 Reward: 91.154
Total T: 427631 Episode Num: 2281 Episode T: 76 Reward: 94.585
Total T: 427718 Episode Num: 2282 Episode T: 87 Reward: 93.981
Total T: 427808 Episode Num: 2283 Episode T: 90 Reward: 93.650
Total T: 427897 Episode Num: 2284 Episode T: 89 Reward: 94.222
Total T: 428039 Episode Num: 2285 Episode T: 142 Reward: 90.334
Total T: 428124 Episode Num: 2286 Episode T: 85 Reward: 93.508
Total T: 428269 Episode Num: 2287 Episode T: 145 Reward: 89.974
Total T: 428408 Episode Num: 2288 Episode T: 139 Reward: 90.333
Total T: 428490 Episode Num: 2289 Episode T: 82 Reward: 94.112
Total T: 428623 Episode Num: 2290 Episode T: 133 Reward: 91.265
Total T: 428775 Episode Num: 2291 Episode T: 152 Reward: 90.517
Total T: 428867 Episode Num: 2292 Episode T: 92 Reward: 94.149
Total T: 428957 Episode Num: 2293 Episode T: 90 Reward: 93.668
Total T: 429088 Episode Num: 2294 Episode T: 131 Reward: 90.786
Total T: 429172 Episode Num: 2295 Episode T: 84 Reward: 93.600
Total T: 429250 Episode Num: 2296 Episode T: 78 Reward: 94.404
Total T: 429384 Episode Num: 2297 Episode T: 134 Reward: 91.418
Total T: 429474 Episode Num: 2298 Episode T: 90 Reward: 93.740
Total T: 429628 Episode Num: 2299 Episode T: 154 Reward: 89.392
Total T: 429707 Episode Num: 2300 Episode T: 79 Reward: 94.408
Total T: 429842 Episode Num: 2301 Episode T: 135 Reward: 90.919
Total T: 429978 Episode Num: 2302 Episode T: 136 Reward: 92.102
---------------------------------------
Evaluation over 10 episodes: 93.545
---------------------------------------
Total T: 430120 Episode Num: 2303 Episode T: 142 Reward: 91.271
Total T: 430209 Episode Num: 2304 Episode T: 89 Reward: 94.288
Total T: 430345 Episode Num: 2305 Episode T: 136 Reward: 90.903
Total T: 430490 Episode Num: 2306 Episode T: 145 Reward: 90.145
Total T: 430626 Episode Num: 2307 Episode T: 136 Reward: 90.620
Total T: 430805 Episode Num: 2308 Episode T: 179 Reward: 87.440
Total T: 430947 Episode Num: 2309 Episode T: 142 Reward: 90.498
Total T: 431029 Episode Num: 2310 Episode T: 82 Reward: 94.089
Total T: 431166 Episode Num: 2311 Episode T: 137 Reward: 90.983
Total T: 431284 Episode Num: 2312 Episode T: 118 Reward: 91.531
Total T: 431415 Episode Num: 2313 Episode T: 131 Reward: 91.151
Total T: 431560 Episode Num: 2314 Episode T: 145 Reward: 90.294
Total T: 431648 Episode Num: 2315 Episode T: 88 Reward: 94.101
Total T: 431727 Episode Num: 2316 Episode T: 79 Reward: 93.766
Total T: 431866 Episode Num: 2317 Episode T: 139 Reward: 90.168
Total T: 432008 Episode Num: 2318 Episode T: 142 Reward: 89.610
Total T: 432138 Episode Num: 2319 Episode T: 130 Reward: 91.131
Total T: 432214 Episode Num: 2320 Episode T: 76 Reward: 94.710
Total T: 432289 Episode Num: 2321 Episode T: 75 Reward: 94.364
Total T: 432365 Episode Num: 2322 Episode T: 76 Reward: 95.075
Total T: 432499 Episode Num: 2323 Episode T: 134 Reward: 91.006
Total T: 432660 Episode Num: 2324 Episode T: 161 Reward: 88.296
Total T: 432746 Episode Num: 2325 Episode T: 86 Reward: 94.075
Total T: 432828 Episode Num: 2326 Episode T: 82 Reward: 94.354
Total T: 432927 Episode Num: 2327 Episode T: 99 Reward: 93.770
Total T: 433006 Episode Num: 2328 Episode T: 79 Reward: 94.717
Total T: 433097 Episode Num: 2329 Episode T: 91 Reward: 94.102
Total T: 433177 Episode Num: 2330 Episode T: 80 Reward: 94.754
Total T: 433257 Episode Num: 2331 Episode T: 80 Reward: 94.435
Total T: 433402 Episode Num: 2332 Episode T: 145 Reward: 90.545
Total T: 433580 Episode Num: 2333 Episode T: 178 Reward: 87.061
Total T: 433726 Episode Num: 2334 Episode T: 146 Reward: 90.601
Total T: 433822 Episode Num: 2335 Episode T: 96 Reward: 93.129
Total T: 433981 Episode Num: 2336 Episode T: 159 Reward: 88.926
Total T: 434132 Episode Num: 2337 Episode T: 151 Reward: 89.753
Total T: 434238 Episode Num: 2338 Episode T: 106 Reward: 92.348
Total T: 434326 Episode Num: 2339 Episode T: 88 Reward: 93.984
Total T: 434469 Episode Num: 2340 Episode T: 143 Reward: 89.825
Total T: 434604 Episode Num: 2341 Episode T: 135 Reward: 90.884
Total T: 434743 Episode Num: 2342 Episode T: 139 Reward: 90.541
Total T: 434821 Episode Num: 2343 Episode T: 78 Reward: 94.800
Total T: 434904 Episode Num: 2344 Episode T: 83 Reward: 94.478
---------------------------------------
Evaluation over 10 episodes: 93.558
---------------------------------------
Total T: 435044 Episode Num: 2345 Episode T: 140 Reward: 90.153
Total T: 435127 Episode Num: 2346 Episode T: 83 Reward: 94.462
Total T: 435211 Episode Num: 2347 Episode T: 84 Reward: 94.247
Total T: 435295 Episode Num: 2348 Episode T: 84 Reward: 94.696
Total T: 435445 Episode Num: 2349 Episode T: 150 Reward: 89.790
Total T: 435578 Episode Num: 2350 Episode T: 133 Reward: 90.261
Total T: 435726 Episode Num: 2351 Episode T: 148 Reward: 90.046
Total T: 435871 Episode Num: 2352 Episode T: 145 Reward: 90.556
Total T: 436012 Episode Num: 2353 Episode T: 141 Reward: 90.269
Total T: 436092 Episode Num: 2354 Episode T: 80 Reward: 94.578
Total T: 436195 Episode Num: 2355 Episode T: 103 Reward: 92.515
Total T: 436334 Episode Num: 2356 Episode T: 139 Reward: 90.604
Total T: 436477 Episode Num: 2357 Episode T: 143 Reward: 89.893
Total T: 436614 Episode Num: 2358 Episode T: 137 Reward: 90.915
Total T: 436691 Episode Num: 2359 Episode T: 77 Reward: 94.200
Total T: 436830 Episode Num: 2360 Episode T: 139 Reward: 90.821
Total T: 436984 Episode Num: 2361 Episode T: 154 Reward: 88.652
Total T: 437119 Episode Num: 2362 Episode T: 135 Reward: 90.254
Total T: 437257 Episode Num: 2363 Episode T: 138 Reward: 91.234
Total T: 437411 Episode Num: 2364 Episode T: 154 Reward: 89.674
Total T: 437485 Episode Num: 2365 Episode T: 74 Reward: 94.244
Total T: 437574 Episode Num: 2366 Episode T: 89 Reward: 93.836
Total T: 437650 Episode Num: 2367 Episode T: 76 Reward: 94.202
Total T: 437804 Episode Num: 2368 Episode T: 154 Reward: 88.807
Total T: 437948 Episode Num: 2369 Episode T: 144 Reward: 90.747
Total T: 438029 Episode Num: 2370 Episode T: 81 Reward: 94.151
Total T: 438112 Episode Num: 2371 Episode T: 83 Reward: 94.296
Total T: 438262 Episode Num: 2372 Episode T: 150 Reward: 89.786
Total T: 438405 Episode Num: 2373 Episode T: 143 Reward: 90.483
Total T: 438488 Episode Num: 2374 Episode T: 83 Reward: 94.145
Total T: 438663 Episode Num: 2375 Episode T: 175 Reward: 88.914
Total T: 438762 Episode Num: 2376 Episode T: 99 Reward: 93.269
Total T: 438909 Episode Num: 2377 Episode T: 147 Reward: 89.871
Total T: 438981 Episode Num: 2378 Episode T: 72 Reward: 94.289
Total T: 439144 Episode Num: 2379 Episode T: 163 Reward: 88.352
Total T: 439282 Episode Num: 2380 Episode T: 138 Reward: 90.599
Total T: 439372 Episode Num: 2381 Episode T: 90 Reward: 93.500
Total T: 439454 Episode Num: 2382 Episode T: 82 Reward: 94.242
Total T: 439597 Episode Num: 2383 Episode T: 143 Reward: 90.320
Total T: 439731 Episode Num: 2384 Episode T: 134 Reward: 90.935
Total T: 439806 Episode Num: 2385 Episode T: 75 Reward: 94.431
Total T: 439961 Episode Num: 2386 Episode T: 155 Reward: 88.596
---------------------------------------
Evaluation over 10 episodes: 93.546
---------------------------------------
Total T: 440137 Episode Num: 2387 Episode T: 176 Reward: 88.141
Total T: 440267 Episode Num: 2388 Episode T: 130 Reward: 90.503
Total T: 440355 Episode Num: 2389 Episode T: 88 Reward: 93.925
Total T: 440487 Episode Num: 2390 Episode T: 132 Reward: 90.293
Total T: 440632 Episode Num: 2391 Episode T: 145 Reward: 90.580
Total T: 440769 Episode Num: 2392 Episode T: 137 Reward: 90.641
Total T: 440848 Episode Num: 2393 Episode T: 79 Reward: 95.003
Total T: 441003 Episode Num: 2394 Episode T: 155 Reward: 90.015
Total T: 441079 Episode Num: 2395 Episode T: 76 Reward: 94.876
Total T: 441160 Episode Num: 2396 Episode T: 81 Reward: 94.242
Total T: 441246 Episode Num: 2397 Episode T: 86 Reward: 94.074
Total T: 441330 Episode Num: 2398 Episode T: 84 Reward: 94.398
Total T: 441468 Episode Num: 2399 Episode T: 138 Reward: 90.564
Total T: 441542 Episode Num: 2400 Episode T: 74 Reward: 94.483
Total T: 441684 Episode Num: 2401 Episode T: 142 Reward: 89.925
Total T: 441820 Episode Num: 2402 Episode T: 136 Reward: 90.922
Total T: 441962 Episode Num: 2403 Episode T: 142 Reward: 91.594
Total T: 442053 Episode Num: 2404 Episode T: 91 Reward: 93.354
Total T: 442197 Episode Num: 2405 Episode T: 144 Reward: 90.660
Total T: 442277 Episode Num: 2406 Episode T: 80 Reward: 94.489
Total T: 442372 Episode Num: 2407 Episode T: 95 Reward: 93.365
Total T: 442477 Episode Num: 2408 Episode T: 105 Reward: 92.743
Total T: 442630 Episode Num: 2409 Episode T: 153 Reward: 89.469
Total T: 442773 Episode Num: 2410 Episode T: 143 Reward: 90.600
Total T: 442910 Episode Num: 2411 Episode T: 137 Reward: 90.534
Total T: 443050 Episode Num: 2412 Episode T: 140 Reward: 91.213
Total T: 443125 Episode Num: 2413 Episode T: 75 Reward: 94.943
Total T: 443265 Episode Num: 2414 Episode T: 140 Reward: 90.690
Total T: 443429 Episode Num: 2415 Episode T: 164 Reward: 88.989
Total T: 443515 Episode Num: 2416 Episode T: 86 Reward: 94.230
Total T: 443653 Episode Num: 2417 Episode T: 138 Reward: 90.276
Total T: 443736 Episode Num: 2418 Episode T: 83 Reward: 94.837
Total T: 443820 Episode Num: 2419 Episode T: 84 Reward: 93.956
Total T: 443900 Episode Num: 2420 Episode T: 80 Reward: 94.811
Total T: 444055 Episode Num: 2421 Episode T: 155 Reward: 89.752
Total T: 444130 Episode Num: 2422 Episode T: 75 Reward: 94.148
Total T: 444215 Episode Num: 2423 Episode T: 85 Reward: 94.415
Total T: 444294 Episode Num: 2424 Episode T: 79 Reward: 94.363
Total T: 444389 Episode Num: 2425 Episode T: 95 Reward: 93.093
Total T: 444528 Episode Num: 2426 Episode T: 139 Reward: 91.159
Total T: 444700 Episode Num: 2427 Episode T: 172 Reward: 88.425
Total T: 444846 Episode Num: 2428 Episode T: 146 Reward: 90.032
Total T: 444951 Episode Num: 2429 Episode T: 105 Reward: 92.266
---------------------------------------
Evaluation over 10 episodes: 93.540
---------------------------------------
Total T: 445046 Episode Num: 2430 Episode T: 95 Reward: 93.639
Total T: 445169 Episode Num: 2431 Episode T: 123 Reward: 91.262
Total T: 445306 Episode Num: 2432 Episode T: 137 Reward: 90.942
Total T: 445461 Episode Num: 2433 Episode T: 155 Reward: 89.533
Total T: 445534 Episode Num: 2434 Episode T: 73 Reward: 94.501
Total T: 445668 Episode Num: 2435 Episode T: 134 Reward: 90.814
Total T: 445748 Episode Num: 2436 Episode T: 80 Reward: 94.762
Total T: 445829 Episode Num: 2437 Episode T: 81 Reward: 94.473
Total T: 445965 Episode Num: 2438 Episode T: 136 Reward: 90.646
Total T: 446098 Episode Num: 2439 Episode T: 133 Reward: 91.014
Total T: 446234 Episode Num: 2440 Episode T: 136 Reward: 90.669
Total T: 446314 Episode Num: 2441 Episode T: 80 Reward: 94.593
Total T: 446404 Episode Num: 2442 Episode T: 90 Reward: 93.870
Total T: 446544 Episode Num: 2443 Episode T: 140 Reward: 90.657
Total T: 446710 Episode Num: 2444 Episode T: 166 Reward: 88.909
Total T: 446861 Episode Num: 2445 Episode T: 151 Reward: 89.995
Total T: 446956 Episode Num: 2446 Episode T: 95 Reward: 93.485
Total T: 447056 Episode Num: 2447 Episode T: 100 Reward: 93.548
Total T: 447132 Episode Num: 2448 Episode T: 76 Reward: 94.705
Total T: 447275 Episode Num: 2449 Episode T: 143 Reward: 89.559
Total T: 447360 Episode Num: 2450 Episode T: 85 Reward: 94.058
Total T: 447461 Episode Num: 2451 Episode T: 101 Reward: 93.465
Total T: 447542 Episode Num: 2452 Episode T: 81 Reward: 94.000
Total T: 447626 Episode Num: 2453 Episode T: 84 Reward: 94.364
Total T: 447796 Episode Num: 2454 Episode T: 170 Reward: 88.583
Total T: 447938 Episode Num: 2455 Episode T: 142 Reward: 90.718
Total T: 448109 Episode Num: 2456 Episode T: 171 Reward: 88.587
Total T: 448223 Episode Num: 2457 Episode T: 114 Reward: 92.273
Total T: 448395 Episode Num: 2458 Episode T: 172 Reward: 88.165
Total T: 448471 Episode Num: 2459 Episode T: 76 Reward: 95.069
Total T: 448617 Episode Num: 2460 Episode T: 146 Reward: 90.296
Total T: 448756 Episode Num: 2461 Episode T: 139 Reward: 90.425
Total T: 448842 Episode Num: 2462 Episode T: 86 Reward: 94.039
Total T: 448979 Episode Num: 2463 Episode T: 137 Reward: 91.265
Total T: 449113 Episode Num: 2464 Episode T: 134 Reward: 90.955
Total T: 449200 Episode Num: 2465 Episode T: 87 Reward: 94.576
Total T: 449287 Episode Num: 2466 Episode T: 87 Reward: 93.659
Total T: 449435 Episode Num: 2467 Episode T: 148 Reward: 89.756
Total T: 449573 Episode Num: 2468 Episode T: 138 Reward: 90.849
Total T: 449682 Episode Num: 2469 Episode T: 109 Reward: 92.028
Total T: 449821 Episode Num: 2470 Episode T: 139 Reward: 90.199
Total T: 449955 Episode Num: 2471 Episode T: 134 Reward: 91.741
---------------------------------------
Evaluation over 10 episodes: 93.525
---------------------------------------
Total T: 450040 Episode Num: 2472 Episode T: 85 Reward: 94.473
Total T: 450176 Episode Num: 2473 Episode T: 136 Reward: 91.647
Total T: 450343 Episode Num: 2474 Episode T: 167 Reward: 89.323
Total T: 450509 Episode Num: 2475 Episode T: 166 Reward: 88.160
Total T: 450660 Episode Num: 2476 Episode T: 151 Reward: 89.639
Total T: 450806 Episode Num: 2477 Episode T: 146 Reward: 90.021
Total T: 450946 Episode Num: 2478 Episode T: 140 Reward: 90.076
Total T: 451087 Episode Num: 2479 Episode T: 141 Reward: 90.543
Total T: 451238 Episode Num: 2480 Episode T: 151 Reward: 90.266
Total T: 451372 Episode Num: 2481 Episode T: 134 Reward: 90.610
Total T: 451548 Episode Num: 2482 Episode T: 176 Reward: 87.758
Total T: 451658 Episode Num: 2483 Episode T: 110 Reward: 92.214
Total T: 451882 Episode Num: 2484 Episode T: 224 Reward: 84.908
Total T: 452018 Episode Num: 2485 Episode T: 136 Reward: 91.227
Total T: 452108 Episode Num: 2486 Episode T: 90 Reward: 93.848
Total T: 452247 Episode Num: 2487 Episode T: 139 Reward: 91.119
Total T: 452324 Episode Num: 2488 Episode T: 77 Reward: 94.011
Total T: 452458 Episode Num: 2489 Episode T: 134 Reward: 91.729
Total T: 452551 Episode Num: 2490 Episode T: 93 Reward: 93.556
Total T: 452689 Episode Num: 2491 Episode T: 138 Reward: 89.717
Total T: 452824 Episode Num: 2492 Episode T: 135 Reward: 90.821
Total T: 452912 Episode Num: 2493 Episode T: 88 Reward: 94.267
Total T: 453095 Episode Num: 2494 Episode T: 183 Reward: 87.829
Total T: 453184 Episode Num: 2495 Episode T: 89 Reward: 93.479
Total T: 453315 Episode Num: 2496 Episode T: 131 Reward: 91.275
Total T: 453391 Episode Num: 2497 Episode T: 76 Reward: 94.256
Total T: 453469 Episode Num: 2498 Episode T: 78 Reward: 94.200
Total T: 453599 Episode Num: 2499 Episode T: 130 Reward: 91.180
Total T: 453730 Episode Num: 2500 Episode T: 131 Reward: 91.748
Total T: 453830 Episode Num: 2501 Episode T: 100 Reward: 92.722
Total T: 453962 Episode Num: 2502 Episode T: 132 Reward: 91.164
Total T: 454061 Episode Num: 2503 Episode T: 99 Reward: 93.678
Total T: 454137 Episode Num: 2504 Episode T: 76 Reward: 94.831
Total T: 454278 Episode Num: 2505 Episode T: 141 Reward: 90.269
Total T: 454358 Episode Num: 2506 Episode T: 80 Reward: 94.695
Total T: 454500 Episode Num: 2507 Episode T: 142 Reward: 90.918
Total T: 454638 Episode Num: 2508 Episode T: 138 Reward: 89.951
Total T: 454714 Episode Num: 2509 Episode T: 76 Reward: 94.002
Total T: 454863 Episode Num: 2510 Episode T: 149 Reward: 90.368
Total T: 454998 Episode Num: 2511 Episode T: 135 Reward: 91.170
---------------------------------------
Evaluation over 10 episodes: 93.550
---------------------------------------
Total T: 455137 Episode Num: 2512 Episode T: 139 Reward: 90.504
Total T: 455284 Episode Num: 2513 Episode T: 147 Reward: 89.972
Total T: 455379 Episode Num: 2514 Episode T: 95 Reward: 93.168
Total T: 455460 Episode Num: 2515 Episode T: 81 Reward: 94.313
Total T: 455611 Episode Num: 2516 Episode T: 151 Reward: 90.194
Total T: 455706 Episode Num: 2517 Episode T: 95 Reward: 93.291
Total T: 455856 Episode Num: 2518 Episode T: 150 Reward: 90.432
Total T: 455994 Episode Num: 2519 Episode T: 138 Reward: 90.409
Total T: 456082 Episode Num: 2520 Episode T: 88 Reward: 94.155
Total T: 456175 Episode Num: 2521 Episode T: 93 Reward: 93.699
Total T: 456258 Episode Num: 2522 Episode T: 83 Reward: 94.055
Total T: 456340 Episode Num: 2523 Episode T: 82 Reward: 94.469
Total T: 456436 Episode Num: 2524 Episode T: 96 Reward: 93.008
Total T: 456571 Episode Num: 2525 Episode T: 135 Reward: 91.478
Total T: 456684 Episode Num: 2526 Episode T: 113 Reward: 92.067
Total T: 456818 Episode Num: 2527 Episode T: 134 Reward: 90.960
Total T: 456896 Episode Num: 2528 Episode T: 78 Reward: 94.771
Total T: 456970 Episode Num: 2529 Episode T: 74 Reward: 94.246
Total T: 457135 Episode Num: 2530 Episode T: 165 Reward: 88.080
Total T: 457228 Episode Num: 2531 Episode T: 93 Reward: 93.102
Total T: 457367 Episode Num: 2532 Episode T: 139 Reward: 91.052
Total T: 457444 Episode Num: 2533 Episode T: 77 Reward: 94.344
Total T: 457540 Episode Num: 2534 Episode T: 96 Reward: 93.049
Total T: 457673 Episode Num: 2535 Episode T: 133 Reward: 91.436
Total T: 457755 Episode Num: 2536 Episode T: 82 Reward: 94.319
Total T: 457901 Episode Num: 2537 Episode T: 146 Reward: 90.293
Total T: 457984 Episode Num: 2538 Episode T: 83 Reward: 93.874
Total T: 458061 Episode Num: 2539 Episode T: 77 Reward: 94.530
Total T: 458137 Episode Num: 2540 Episode T: 76 Reward: 94.765
Total T: 458271 Episode Num: 2541 Episode T: 134 Reward: 90.677
Total T: 458408 Episode Num: 2542 Episode T: 137 Reward: 90.954
Total T: 458545 Episode Num: 2543 Episode T: 137 Reward: 91.743
Total T: 458623 Episode Num: 2544 Episode T: 78 Reward: 94.919
Total T: 458707 Episode Num: 2545 Episode T: 84 Reward: 94.087
Total T: 458781 Episode Num: 2546 Episode T: 74 Reward: 94.133
Total T: 458916 Episode Num: 2547 Episode T: 135 Reward: 91.059
Total T: 459003 Episode Num: 2548 Episode T: 87 Reward: 94.101
Total T: 459151 Episode Num: 2549 Episode T: 148 Reward: 89.768
Total T: 459275 Episode Num: 2550 Episode T: 124 Reward: 91.441
Total T: 459425 Episode Num: 2551 Episode T: 150 Reward: 89.885
Total T: 459507 Episode Num: 2552 Episode T: 82 Reward: 93.992
Total T: 459643 Episode Num: 2553 Episode T: 136 Reward: 92.402
Total T: 459781 Episode Num: 2554 Episode T: 138 Reward: 90.845
Total T: 459863 Episode Num: 2555 Episode T: 82 Reward: 94.841
Total T: 459946 Episode Num: 2556 Episode T: 83 Reward: 93.834
---------------------------------------
Evaluation over 10 episodes: 93.556
---------------------------------------
Total T: 460090 Episode Num: 2557 Episode T: 144 Reward: 90.138
Total T: 460238 Episode Num: 2558 Episode T: 148 Reward: 89.673
Total T: 460327 Episode Num: 2559 Episode T: 89 Reward: 93.631
Total T: 460499 Episode Num: 2560 Episode T: 172 Reward: 88.460
Total T: 460583 Episode Num: 2561 Episode T: 84 Reward: 93.852
Total T: 460726 Episode Num: 2562 Episode T: 143 Reward: 90.470
Total T: 460864 Episode Num: 2563 Episode T: 138 Reward: 90.991
Total T: 461012 Episode Num: 2564 Episode T: 148 Reward: 90.145
Total T: 461158 Episode Num: 2565 Episode T: 146 Reward: 90.768
Total T: 461295 Episode Num: 2566 Episode T: 137 Reward: 90.752
Total T: 461377 Episode Num: 2567 Episode T: 82 Reward: 94.510
Total T: 461450 Episode Num: 2568 Episode T: 73 Reward: 94.437
Total T: 461595 Episode Num: 2569 Episode T: 145 Reward: 90.655
Total T: 461742 Episode Num: 2570 Episode T: 147 Reward: 89.552
Total T: 461822 Episode Num: 2571 Episode T: 80 Reward: 94.676
Total T: 461961 Episode Num: 2572 Episode T: 139 Reward: 90.269
Total T: 462051 Episode Num: 2573 Episode T: 90 Reward: 93.896
Total T: 462133 Episode Num: 2574 Episode T: 82 Reward: 94.698
Total T: 462221 Episode Num: 2575 Episode T: 88 Reward: 93.779
Total T: 462307 Episode Num: 2576 Episode T: 86 Reward: 94.438
Total T: 462394 Episode Num: 2577 Episode T: 87 Reward: 93.892
Total T: 462508 Episode Num: 2578 Episode T: 114 Reward: 92.737
Total T: 462652 Episode Num: 2579 Episode T: 144 Reward: 90.362
Total T: 462796 Episode Num: 2580 Episode T: 144 Reward: 90.275
Total T: 462887 Episode Num: 2581 Episode T: 91 Reward: 94.023
Total T: 462975 Episode Num: 2582 Episode T: 88 Reward: 94.503
Total T: 463051 Episode Num: 2583 Episode T: 76 Reward: 94.634
Total T: 463142 Episode Num: 2584 Episode T: 91 Reward: 93.687
Total T: 463276 Episode Num: 2585 Episode T: 134 Reward: 90.752
Total T: 463360 Episode Num: 2586 Episode T: 84 Reward: 94.210
Total T: 463506 Episode Num: 2587 Episode T: 146 Reward: 89.983
Total T: 463580 Episode Num: 2588 Episode T: 74 Reward: 94.377
Total T: 463662 Episode Num: 2589 Episode T: 82 Reward: 93.920
Total T: 463848 Episode Num: 2590 Episode T: 186 Reward: 87.240
Total T: 463936 Episode Num: 2591 Episode T: 88 Reward: 94.218
Total T: 464013 Episode Num: 2592 Episode T: 77 Reward: 94.733
Total T: 464155 Episode Num: 2593 Episode T: 142 Reward: 90.067
Total T: 464287 Episode Num: 2594 Episode T: 132 Reward: 91.812
Total T: 464444 Episode Num: 2595 Episode T: 157 Reward: 89.621
Total T: 464543 Episode Num: 2596 Episode T: 99 Reward: 92.545
Total T: 464627 Episode Num: 2597 Episode T: 84 Reward: 94.013
Total T: 464777 Episode Num: 2598 Episode T: 150 Reward: 89.538
Total T: 464912 Episode Num: 2599 Episode T: 135 Reward: 90.591
---------------------------------------
Evaluation over 10 episodes: 93.547
---------------------------------------
Total T: 465059 Episode Num: 2600 Episode T: 147 Reward: 90.484
Total T: 465132 Episode Num: 2601 Episode T: 73 Reward: 94.484
Total T: 465226 Episode Num: 2602 Episode T: 94 Reward: 93.289
Total T: 465362 Episode Num: 2603 Episode T: 136 Reward: 91.437
Total T: 465462 Episode Num: 2604 Episode T: 100 Reward: 93.366
Total T: 465595 Episode Num: 2605 Episode T: 133 Reward: 91.783
Total T: 465725 Episode Num: 2606 Episode T: 130 Reward: 90.670
Total T: 465861 Episode Num: 2607 Episode T: 136 Reward: 91.143
Total T: 465998 Episode Num: 2608 Episode T: 137 Reward: 90.405
Total T: 466133 Episode Num: 2609 Episode T: 135 Reward: 90.764
Total T: 466212 Episode Num: 2610 Episode T: 79 Reward: 94.854
Total T: 466360 Episode Num: 2611 Episode T: 148 Reward: 89.618
Total T: 466453 Episode Num: 2612 Episode T: 93 Reward: 93.645
Total T: 466530 Episode Num: 2613 Episode T: 77 Reward: 94.376
Total T: 466684 Episode Num: 2614 Episode T: 154 Reward: 89.610
Total T: 466813 Episode Num: 2615 Episode T: 129 Reward: 91.150
Total T: 466953 Episode Num: 2616 Episode T: 140 Reward: 90.926
Total T: 467034 Episode Num: 2617 Episode T: 81 Reward: 94.300
Total T: 467169 Episode Num: 2618 Episode T: 135 Reward: 90.550
Total T: 467316 Episode Num: 2619 Episode T: 147 Reward: 89.784
Total T: 467448 Episode Num: 2620 Episode T: 132 Reward: 91.320
Total T: 467537 Episode Num: 2621 Episode T: 89 Reward: 94.395
Total T: 467618 Episode Num: 2622 Episode T: 81 Reward: 94.581
Total T: 467763 Episode Num: 2623 Episode T: 145 Reward: 89.851
Total T: 467898 Episode Num: 2624 Episode T: 135 Reward: 90.614
Total T: 468044 Episode Num: 2625 Episode T: 146 Reward: 90.500
Total T: 468182 Episode Num: 2626 Episode T: 138 Reward: 90.961
Total T: 468326 Episode Num: 2627 Episode T: 144 Reward: 90.675
Total T: 468432 Episode Num: 2628 Episode T: 106 Reward: 92.696
Total T: 468530 Episode Num: 2629 Episode T: 98 Reward: 93.209
Total T: 468645 Episode Num: 2630 Episode T: 115 Reward: 91.911
Total T: 468725 Episode Num: 2631 Episode T: 80 Reward: 93.976
Total T: 468815 Episode Num: 2632 Episode T: 90 Reward: 93.827
Total T: 468903 Episode Num: 2633 Episode T: 88 Reward: 93.848
Total T: 469041 Episode Num: 2634 Episode T: 138 Reward: 91.039
Total T: 469182 Episode Num: 2635 Episode T: 141 Reward: 91.548
Total T: 469264 Episode Num: 2636 Episode T: 82 Reward: 94.228
Total T: 469353 Episode Num: 2637 Episode T: 89 Reward: 94.228
Total T: 469490 Episode Num: 2638 Episode T: 137 Reward: 90.773
Total T: 469567 Episode Num: 2639 Episode T: 77 Reward: 94.688
Total T: 469650 Episode Num: 2640 Episode T: 83 Reward: 94.296
Total T: 469792 Episode Num: 2641 Episode T: 142 Reward: 89.994
---------------------------------------
Evaluation over 10 episodes: 93.549
---------------------------------------
Total T: 470020 Episode Num: 2642 Episode T: 228 Reward: 85.990
Total T: 470118 Episode Num: 2643 Episode T: 98 Reward: 92.871
Total T: 470266 Episode Num: 2644 Episode T: 148 Reward: 90.435
Total T: 470395 Episode Num: 2645 Episode T: 129 Reward: 91.444
Total T: 470475 Episode Num: 2646 Episode T: 80 Reward: 94.002
Total T: 470619 Episode Num: 2647 Episode T: 144 Reward: 91.015
Total T: 470698 Episode Num: 2648 Episode T: 79 Reward: 94.650
Total T: 470830 Episode Num: 2649 Episode T: 132 Reward: 91.160
Total T: 470973 Episode Num: 2650 Episode T: 143 Reward: 90.004
Total T: 471048 Episode Num: 2651 Episode T: 75 Reward: 94.715
Total T: 471185 Episode Num: 2652 Episode T: 137 Reward: 90.679
Total T: 471260 Episode Num: 2653 Episode T: 75 Reward: 94.712
Total T: 471397 Episode Num: 2654 Episode T: 137 Reward: 91.372
Total T: 471538 Episode Num: 2655 Episode T: 141 Reward: 90.790
Total T: 471622 Episode Num: 2656 Episode T: 84 Reward: 94.250
Total T: 471697 Episode Num: 2657 Episode T: 75 Reward: 94.410
Total T: 471821 Episode Num: 2658 Episode T: 124 Reward: 91.455
Total T: 471901 Episode Num: 2659 Episode T: 80 Reward: 94.596
Total T: 471978 Episode Num: 2660 Episode T: 77 Reward: 94.635
Total T: 472090 Episode Num: 2661 Episode T: 112 Reward: 92.113
Total T: 472223 Episode Num: 2662 Episode T: 133 Reward: 91.328
Total T: 472371 Episode Num: 2663 Episode T: 148 Reward: 89.907
Total T: 472509 Episode Num: 2664 Episode T: 138 Reward: 90.352
Total T: 472587 Episode Num: 2665 Episode T: 78 Reward: 94.124
Total T: 472669 Episode Num: 2666 Episode T: 82 Reward: 94.076
Total T: 472746 Episode Num: 2667 Episode T: 77 Reward: 94.579
Total T: 472914 Episode Num: 2668 Episode T: 168 Reward: 87.736
Total T: 473050 Episode Num: 2669 Episode T: 136 Reward: 90.439
Total T: 473126 Episode Num: 2670 Episode T: 76 Reward: 94.401
Total T: 473221 Episode Num: 2671 Episode T: 95 Reward: 93.400
Total T: 473299 Episode Num: 2672 Episode T: 78 Reward: 94.411
Total T: 473376 Episode Num: 2673 Episode T: 77 Reward: 94.056
Total T: 473519 Episode Num: 2674 Episode T: 143 Reward: 90.279
Total T: 473658 Episode Num: 2675 Episode T: 139 Reward: 90.304
Total T: 473740 Episode Num: 2676 Episode T: 82 Reward: 94.287
Total T: 473833 Episode Num: 2677 Episode T: 93 Reward: 93.685
Total T: 473979 Episode Num: 2678 Episode T: 146 Reward: 89.805
Total T: 474119 Episode Num: 2679 Episode T: 140 Reward: 90.654
Total T: 474209 Episode Num: 2680 Episode T: 90 Reward: 93.574
Total T: 474342 Episode Num: 2681 Episode T: 133 Reward: 90.201
Total T: 474487 Episode Num: 2682 Episode T: 145 Reward: 89.226
Total T: 474625 Episode Num: 2683 Episode T: 138 Reward: 91.271
Total T: 474779 Episode Num: 2684 Episode T: 154 Reward: 89.307
Total T: 474887 Episode Num: 2685 Episode T: 108 Reward: 93.067
---------------------------------------
Evaluation over 10 episodes: 93.531
---------------------------------------
Total T: 475027 Episode Num: 2686 Episode T: 140 Reward: 90.022
Total T: 475159 Episode Num: 2687 Episode T: 132 Reward: 90.438
Total T: 475293 Episode Num: 2688 Episode T: 134 Reward: 91.086
Total T: 475432 Episode Num: 2689 Episode T: 139 Reward: 91.994
Total T: 475570 Episode Num: 2690 Episode T: 138 Reward: 90.703
Total T: 475647 Episode Num: 2691 Episode T: 77 Reward: 94.288
Total T: 475735 Episode Num: 2692 Episode T: 88 Reward: 94.185
Total T: 475871 Episode Num: 2693 Episode T: 136 Reward: 91.097
Total T: 476005 Episode Num: 2694 Episode T: 134 Reward: 90.741
Total T: 476184 Episode Num: 2695 Episode T: 179 Reward: 87.470
Total T: 476257 Episode Num: 2696 Episode T: 73 Reward: 94.714
Total T: 476338 Episode Num: 2697 Episode T: 81 Reward: 94.640
Total T: 476476 Episode Num: 2698 Episode T: 138 Reward: 89.888
Total T: 476613 Episode Num: 2699 Episode T: 137 Reward: 91.127
Total T: 476747 Episode Num: 2700 Episode T: 134 Reward: 90.502
Total T: 476886 Episode Num: 2701 Episode T: 139 Reward: 90.932
Total T: 476973 Episode Num: 2702 Episode T: 87 Reward: 93.846
Total T: 477149 Episode Num: 2703 Episode T: 176 Reward: 88.399
Total T: 477236 Episode Num: 2704 Episode T: 87 Reward: 93.596
Total T: 477313 Episode Num: 2705 Episode T: 77 Reward: 94.508
Total T: 477447 Episode Num: 2706 Episode T: 134 Reward: 91.286
Total T: 477545 Episode Num: 2707 Episode T: 98 Reward: 92.470
Total T: 477676 Episode Num: 2708 Episode T: 131 Reward: 91.020
Total T: 477813 Episode Num: 2709 Episode T: 137 Reward: 90.618
Total T: 477900 Episode Num: 2710 Episode T: 87 Reward: 93.796
Total T: 477991 Episode Num: 2711 Episode T: 91 Reward: 93.299
Total T: 478128 Episode Num: 2712 Episode T: 137 Reward: 90.724
Total T: 478264 Episode Num: 2713 Episode T: 136 Reward: 90.498
Total T: 478406 Episode Num: 2714 Episode T: 142 Reward: 90.483
Total T: 478538 Episode Num: 2715 Episode T: 132 Reward: 91.131
Total T: 478676 Episode Num: 2716 Episode T: 138 Reward: 90.534
Total T: 478815 Episode Num: 2717 Episode T: 139 Reward: 90.623
Total T: 478957 Episode Num: 2718 Episode T: 142 Reward: 90.641
Total T: 479070 Episode Num: 2719 Episode T: 113 Reward: 92.695
Total T: 479215 Episode Num: 2720 Episode T: 145 Reward: 91.025
Total T: 479374 Episode Num: 2721 Episode T: 159 Reward: 89.703
Total T: 479509 Episode Num: 2722 Episode T: 135 Reward: 91.342
Total T: 479593 Episode Num: 2723 Episode T: 84 Reward: 94.267
Total T: 479738 Episode Num: 2724 Episode T: 145 Reward: 90.692
Total T: 479881 Episode Num: 2725 Episode T: 143 Reward: 90.942
Total T: 479963 Episode Num: 2726 Episode T: 82 Reward: 94.008
---------------------------------------
Evaluation over 10 episodes: 93.562
---------------------------------------
Total T: 480120 Episode Num: 2727 Episode T: 157 Reward: 89.510
Total T: 480342 Episode Num: 2728 Episode T: 222 Reward: 84.648
Total T: 480482 Episode Num: 2729 Episode T: 140 Reward: 92.107
Total T: 480583 Episode Num: 2730 Episode T: 101 Reward: 93.603
Total T: 480735 Episode Num: 2731 Episode T: 152 Reward: 89.682
Total T: 480819 Episode Num: 2732 Episode T: 84 Reward: 93.736
Total T: 480957 Episode Num: 2733 Episode T: 138 Reward: 90.245
Total T: 481097 Episode Num: 2734 Episode T: 140 Reward: 90.312
Total T: 481229 Episode Num: 2735 Episode T: 132 Reward: 91.359
Total T: 481384 Episode Num: 2736 Episode T: 155 Reward: 89.460
Total T: 481517 Episode Num: 2737 Episode T: 133 Reward: 91.493
Total T: 481649 Episode Num: 2738 Episode T: 132 Reward: 91.263
Total T: 481787 Episode Num: 2739 Episode T: 138 Reward: 90.876
Total T: 481922 Episode Num: 2740 Episode T: 135 Reward: 90.979
Total T: 482062 Episode Num: 2741 Episode T: 140 Reward: 90.492
Total T: 482191 Episode Num: 2742 Episode T: 129 Reward: 91.549
Total T: 482328 Episode Num: 2743 Episode T: 137 Reward: 90.351
Total T: 482465 Episode Num: 2744 Episode T: 137 Reward: 89.761
Total T: 482602 Episode Num: 2745 Episode T: 137 Reward: 90.896
Total T: 482743 Episode Num: 2746 Episode T: 141 Reward: 90.025
Total T: 482838 Episode Num: 2747 Episode T: 95 Reward: 92.962
Total T: 482953 Episode Num: 2748 Episode T: 115 Reward: 91.711
Total T: 483036 Episode Num: 2749 Episode T: 83 Reward: 94.455
Total T: 483116 Episode Num: 2750 Episode T: 80 Reward: 94.461
Total T: 483205 Episode Num: 2751 Episode T: 89 Reward: 94.072
Total T: 483361 Episode Num: 2752 Episode T: 156 Reward: 89.101
Total T: 483502 Episode Num: 2753 Episode T: 141 Reward: 90.355
Total T: 483656 Episode Num: 2754 Episode T: 154 Reward: 90.178
Total T: 483798 Episode Num: 2755 Episode T: 142 Reward: 90.722
Total T: 483962 Episode Num: 2756 Episode T: 164 Reward: 88.660
Total T: 484057 Episode Num: 2757 Episode T: 95 Reward: 93.028
Total T: 484143 Episode Num: 2758 Episode T: 86 Reward: 94.432
Total T: 484228 Episode Num: 2759 Episode T: 85 Reward: 94.314
Total T: 484371 Episode Num: 2760 Episode T: 143 Reward: 89.572
Total T: 484514 Episode Num: 2761 Episode T: 143 Reward: 89.933
Total T: 484607 Episode Num: 2762 Episode T: 93 Reward: 94.207
Total T: 484754 Episode Num: 2763 Episode T: 147 Reward: 89.213
Total T: 484944 Episode Num: 2764 Episode T: 190 Reward: 87.256
---------------------------------------
Evaluation over 10 episodes: 93.583
---------------------------------------
Total T: 485087 Episode Num: 2765 Episode T: 143 Reward: 90.781
Total T: 485168 Episode Num: 2766 Episode T: 81 Reward: 94.363
Total T: 485313 Episode Num: 2767 Episode T: 145 Reward: 89.826
Total T: 485399 Episode Num: 2768 Episode T: 86 Reward: 94.262
Total T: 485555 Episode Num: 2769 Episode T: 156 Reward: 89.051
Total T: 485692 Episode Num: 2770 Episode T: 137 Reward: 90.809
Total T: 485804 Episode Num: 2771 Episode T: 112 Reward: 91.869
Total T: 485939 Episode Num: 2772 Episode T: 135 Reward: 90.914
Total T: 486080 Episode Num: 2773 Episode T: 141 Reward: 90.871
Total T: 486178 Episode Num: 2774 Episode T: 98 Reward: 92.827
Total T: 486325 Episode Num: 2775 Episode T: 147 Reward: 89.430
Total T: 486466 Episode Num: 2776 Episode T: 141 Reward: 89.959
Total T: 486601 Episode Num: 2777 Episode T: 135 Reward: 91.458
Total T: 486689 Episode Num: 2778 Episode T: 88 Reward: 93.728
Total T: 486770 Episode Num: 2779 Episode T: 81 Reward: 94.099
Total T: 486847 Episode Num: 2780 Episode T: 77 Reward: 94.213
Total T: 486987 Episode Num: 2781 Episode T: 140 Reward: 90.769
Total T: 487062 Episode Num: 2782 Episode T: 75 Reward: 94.620
Total T: 487165 Episode Num: 2783 Episode T: 103 Reward: 92.208
Total T: 487302 Episode Num: 2784 Episode T: 137 Reward: 90.766
Total T: 487399 Episode Num: 2785 Episode T: 97 Reward: 93.238
Total T: 487533 Episode Num: 2786 Episode T: 134 Reward: 90.351
Total T: 487672 Episode Num: 2787 Episode T: 139 Reward: 91.974
Total T: 487752 Episode Num: 2788 Episode T: 80 Reward: 94.350
Total T: 487885 Episode Num: 2789 Episode T: 133 Reward: 91.146
Total T: 488054 Episode Num: 2790 Episode T: 169 Reward: 88.587
Total T: 488184 Episode Num: 2791 Episode T: 130 Reward: 91.582
Total T: 488325 Episode Num: 2792 Episode T: 141 Reward: 91.299
Total T: 488400 Episode Num: 2793 Episode T: 75 Reward: 94.577
Total T: 488499 Episode Num: 2794 Episode T: 99 Reward: 93.550
Total T: 488582 Episode Num: 2795 Episode T: 83 Reward: 94.226
Total T: 488783 Episode Num: 2796 Episode T: 201 Reward: 87.586
Total T: 488916 Episode Num: 2797 Episode T: 133 Reward: 90.943
Total T: 489081 Episode Num: 2798 Episode T: 165 Reward: 88.541
Total T: 489214 Episode Num: 2799 Episode T: 133 Reward: 91.045
Total T: 489354 Episode Num: 2800 Episode T: 140 Reward: 90.567
Total T: 489497 Episode Num: 2801 Episode T: 143 Reward: 90.626
Total T: 489633 Episode Num: 2802 Episode T: 136 Reward: 91.010
Total T: 489728 Episode Num: 2803 Episode T: 95 Reward: 93.213
Total T: 489867 Episode Num: 2804 Episode T: 139 Reward: 90.448
Total T: 489955 Episode Num: 2805 Episode T: 88 Reward: 93.755
---------------------------------------
Evaluation over 10 episodes: 93.566
---------------------------------------
Total T: 490048 Episode Num: 2806 Episode T: 93 Reward: 93.458
Total T: 490124 Episode Num: 2807 Episode T: 76 Reward: 94.960
Total T: 490211 Episode Num: 2808 Episode T: 87 Reward: 94.254
Total T: 490285 Episode Num: 2809 Episode T: 74 Reward: 94.515
Total T: 490417 Episode Num: 2810 Episode T: 132 Reward: 91.152
Total T: 490513 Episode Num: 2811 Episode T: 96 Reward: 93.325
Total T: 490606 Episode Num: 2812 Episode T: 93 Reward: 93.608
Total T: 490752 Episode Num: 2813 Episode T: 146 Reward: 90.684
Total T: 490839 Episode Num: 2814 Episode T: 87 Reward: 94.312
Total T: 490973 Episode Num: 2815 Episode T: 134 Reward: 91.582
Total T: 491054 Episode Num: 2816 Episode T: 81 Reward: 94.336
Total T: 491133 Episode Num: 2817 Episode T: 79 Reward: 94.393
Total T: 491265 Episode Num: 2818 Episode T: 132 Reward: 90.818
Total T: 491377 Episode Num: 2819 Episode T: 112 Reward: 92.310
Total T: 491534 Episode Num: 2820 Episode T: 157 Reward: 89.322
Total T: 491666 Episode Num: 2821 Episode T: 132 Reward: 90.494
Total T: 491812 Episode Num: 2822 Episode T: 146 Reward: 89.857
Total T: 491961 Episode Num: 2823 Episode T: 149 Reward: 89.715
Total T: 492068 Episode Num: 2824 Episode T: 107 Reward: 92.608
Total T: 492206 Episode Num: 2825 Episode T: 138 Reward: 91.459
Total T: 492340 Episode Num: 2826 Episode T: 134 Reward: 91.573
Total T: 492494 Episode Num: 2827 Episode T: 154 Reward: 89.997
Total T: 492630 Episode Num: 2828 Episode T: 136 Reward: 90.055
Total T: 492771 Episode Num: 2829 Episode T: 141 Reward: 91.212
Total T: 492855 Episode Num: 2830 Episode T: 84 Reward: 94.001
Total T: 492987 Episode Num: 2831 Episode T: 132 Reward: 91.034
Total T: 493142 Episode Num: 2832 Episode T: 155 Reward: 89.183
Total T: 493277 Episode Num: 2833 Episode T: 135 Reward: 90.121
Total T: 493421 Episode Num: 2834 Episode T: 144 Reward: 90.026
Total T: 493571 Episode Num: 2835 Episode T: 150 Reward: 89.741
Total T: 493706 Episode Num: 2836 Episode T: 135 Reward: 90.984
Total T: 493790 Episode Num: 2837 Episode T: 84 Reward: 94.031
Total T: 493931 Episode Num: 2838 Episode T: 141 Reward: 91.033
Total T: 494015 Episode Num: 2839 Episode T: 84 Reward: 94.342
Total T: 494109 Episode Num: 2840 Episode T: 94 Reward: 92.876
Total T: 494258 Episode Num: 2841 Episode T: 149 Reward: 89.638
Total T: 494394 Episode Num: 2842 Episode T: 136 Reward: 91.149
Total T: 494536 Episode Num: 2843 Episode T: 142 Reward: 90.539
Total T: 494695 Episode Num: 2844 Episode T: 159 Reward: 88.521
Total T: 494835 Episode Num: 2845 Episode T: 140 Reward: 90.743
Total T: 494971 Episode Num: 2846 Episode T: 136 Reward: 90.452
---------------------------------------
Evaluation over 10 episodes: 93.580
---------------------------------------
Total T: 495110 Episode Num: 2847 Episode T: 139 Reward: 90.720
Total T: 495254 Episode Num: 2848 Episode T: 144 Reward: 90.922
Total T: 495407 Episode Num: 2849 Episode T: 153 Reward: 90.362
Total T: 495542 Episode Num: 2850 Episode T: 135 Reward: 91.512
Total T: 495675 Episode Num: 2851 Episode T: 133 Reward: 91.246
Total T: 495810 Episode Num: 2852 Episode T: 135 Reward: 90.916
Total T: 495975 Episode Num: 2853 Episode T: 165 Reward: 88.881
Total T: 496107 Episode Num: 2854 Episode T: 132 Reward: 90.550
Total T: 496240 Episode Num: 2855 Episode T: 133 Reward: 90.292
Total T: 496318 Episode Num: 2856 Episode T: 78 Reward: 94.551
Total T: 496397 Episode Num: 2857 Episode T: 79 Reward: 94.236
Total T: 496483 Episode Num: 2858 Episode T: 86 Reward: 93.754
Total T: 496559 Episode Num: 2859 Episode T: 76 Reward: 94.434
Total T: 496704 Episode Num: 2860 Episode T: 145 Reward: 91.013
Total T: 496858 Episode Num: 2861 Episode T: 154 Reward: 89.843
Total T: 496993 Episode Num: 2862 Episode T: 135 Reward: 90.699
Total T: 497084 Episode Num: 2863 Episode T: 91 Reward: 93.949
Total T: 497231 Episode Num: 2864 Episode T: 147 Reward: 89.769
Total T: 497323 Episode Num: 2865 Episode T: 92 Reward: 93.712
Total T: 497407 Episode Num: 2866 Episode T: 84 Reward: 93.897
Total T: 497552 Episode Num: 2867 Episode T: 145 Reward: 90.642
Total T: 497637 Episode Num: 2868 Episode T: 85 Reward: 93.700
Total T: 497771 Episode Num: 2869 Episode T: 134 Reward: 90.831
Total T: 497912 Episode Num: 2870 Episode T: 141 Reward: 90.772
Total T: 497994 Episode Num: 2871 Episode T: 82 Reward: 94.365
Total T: 498132 Episode Num: 2872 Episode T: 138 Reward: 90.835
Total T: 498263 Episode Num: 2873 Episode T: 131 Reward: 91.688
Total T: 498341 Episode Num: 2874 Episode T: 78 Reward: 94.696
Total T: 498478 Episode Num: 2875 Episode T: 137 Reward: 89.862
Total T: 498617 Episode Num: 2876 Episode T: 139 Reward: 90.596
Total T: 498756 Episode Num: 2877 Episode T: 139 Reward: 91.418
Total T: 498874 Episode Num: 2878 Episode T: 118 Reward: 91.372
Total T: 498966 Episode Num: 2879 Episode T: 92 Reward: 93.674
Total T: 499103 Episode Num: 2880 Episode T: 137 Reward: 91.541
Total T: 499239 Episode Num: 2881 Episode T: 136 Reward: 91.154
Total T: 499312 Episode Num: 2882 Episode T: 73 Reward: 94.831
Total T: 499398 Episode Num: 2883 Episode T: 86 Reward: 94.000
Total T: 499534 Episode Num: 2884 Episode T: 136 Reward: 91.121
Total T: 499644 Episode Num: 2885 Episode T: 110 Reward: 93.480
Total T: 499789 Episode Num: 2886 Episode T: 145 Reward: 90.235
Total T: 499924 Episode Num: 2887 Episode T: 135 Reward: 91.115
---------------------------------------
Evaluation over 10 episodes: 93.593
---------------------------------------
