---------------------------------------
Policy: TD3, Env: MountainCarContinuous-v0, Seed: 2
---------------------------------------
---------------------------------------
Evaluation over 10 episodes: -1.086
---------------------------------------
Total T: 999 Episode Num: 1 Episode T: 999 Reward: -33.012
Total T: 1998 Episode Num: 2 Episode T: 999 Reward: -34.884
Total T: 2997 Episode Num: 3 Episode T: 999 Reward: -33.219
Total T: 3996 Episode Num: 4 Episode T: 999 Reward: -34.137
Total T: 4995 Episode Num: 5 Episode T: 999 Reward: -33.913
---------------------------------------
Evaluation over 10 episodes: -1.086
---------------------------------------
Total T: 5994 Episode Num: 6 Episode T: 999 Reward: -33.289
Total T: 6993 Episode Num: 7 Episode T: 999 Reward: -34.186
Total T: 7992 Episode Num: 8 Episode T: 999 Reward: -33.636
Total T: 8991 Episode Num: 9 Episode T: 999 Reward: -34.249
Total T: 9990 Episode Num: 10 Episode T: 999 Reward: -34.076
---------------------------------------
Evaluation over 10 episodes: -1.086
---------------------------------------
Total T: 10989 Episode Num: 11 Episode T: 999 Reward: -34.275
Total T: 11988 Episode Num: 12 Episode T: 999 Reward: -33.458
Total T: 12987 Episode Num: 13 Episode T: 999 Reward: -31.922
Total T: 13986 Episode Num: 14 Episode T: 999 Reward: -33.243
Total T: 14985 Episode Num: 15 Episode T: 999 Reward: -34.784
---------------------------------------
Evaluation over 10 episodes: -1.086
---------------------------------------
Total T: 15984 Episode Num: 16 Episode T: 999 Reward: -33.619
Total T: 16983 Episode Num: 17 Episode T: 999 Reward: -32.640
Total T: 17982 Episode Num: 18 Episode T: 999 Reward: -32.864
Total T: 18981 Episode Num: 19 Episode T: 999 Reward: -32.962
Total T: 19980 Episode Num: 20 Episode T: 999 Reward: -32.301
---------------------------------------
Evaluation over 10 episodes: -1.086
---------------------------------------
Total T: 20979 Episode Num: 21 Episode T: 999 Reward: -33.870
Total T: 21978 Episode Num: 22 Episode T: 999 Reward: -33.690
Total T: 22977 Episode Num: 23 Episode T: 999 Reward: -32.636
Total T: 23976 Episode Num: 24 Episode T: 999 Reward: -33.991
Total T: 24975 Episode Num: 25 Episode T: 999 Reward: -33.927
---------------------------------------
Evaluation over 10 episodes: -1.086
---------------------------------------
Total T: 25974 Episode Num: 26 Episode T: 999 Reward: -34.797
Total T: 26973 Episode Num: 27 Episode T: 999 Reward: -37.037
Total T: 27926 Episode Num: 28 Episode T: 953 Reward: 64.244
Total T: 28925 Episode Num: 29 Episode T: 999 Reward: -36.743
Total T: 29924 Episode Num: 30 Episode T: 999 Reward: -36.993
---------------------------------------
Evaluation over 10 episodes: -1.559
---------------------------------------
Total T: 30923 Episode Num: 31 Episode T: 999 Reward: -37.182
Total T: 31922 Episode Num: 32 Episode T: 999 Reward: -40.549
Total T: 32921 Episode Num: 33 Episode T: 999 Reward: -38.966
Total T: 33920 Episode Num: 34 Episode T: 999 Reward: -38.150
Total T: 34919 Episode Num: 35 Episode T: 999 Reward: -35.147
---------------------------------------
Evaluation over 10 episodes: -0.454
---------------------------------------
Total T: 35918 Episode Num: 36 Episode T: 999 Reward: -38.610
Total T: 36917 Episode Num: 37 Episode T: 999 Reward: -35.688
Total T: 37916 Episode Num: 38 Episode T: 999 Reward: -37.693
Total T: 38915 Episode Num: 39 Episode T: 999 Reward: -39.258
Total T: 39914 Episode Num: 40 Episode T: 999 Reward: -38.810
---------------------------------------
Evaluation over 10 episodes: -0.182
---------------------------------------
Total T: 40913 Episode Num: 41 Episode T: 999 Reward: -42.386
Total T: 41912 Episode Num: 42 Episode T: 999 Reward: -39.501
Total T: 42911 Episode Num: 43 Episode T: 999 Reward: -38.457
Total T: 43910 Episode Num: 44 Episode T: 999 Reward: -36.068
Total T: 44909 Episode Num: 45 Episode T: 999 Reward: -35.772
---------------------------------------
Evaluation over 10 episodes: -0.155
---------------------------------------
Total T: 45908 Episode Num: 46 Episode T: 999 Reward: -37.268
Total T: 46907 Episode Num: 47 Episode T: 999 Reward: -37.305
Total T: 47906 Episode Num: 48 Episode T: 999 Reward: -37.088
Total T: 48905 Episode Num: 49 Episode T: 999 Reward: -35.188
Total T: 49904 Episode Num: 50 Episode T: 999 Reward: -36.785
---------------------------------------
Evaluation over 10 episodes: -0.196
---------------------------------------
Total T: 50903 Episode Num: 51 Episode T: 999 Reward: -37.155
Total T: 51902 Episode Num: 52 Episode T: 999 Reward: -37.017
Total T: 52901 Episode Num: 53 Episode T: 999 Reward: -36.431
Total T: 53900 Episode Num: 54 Episode T: 999 Reward: -34.690
Total T: 54899 Episode Num: 55 Episode T: 999 Reward: -34.805
---------------------------------------
Evaluation over 10 episodes: -0.381
---------------------------------------
Total T: 55898 Episode Num: 56 Episode T: 999 Reward: -37.092
Total T: 56897 Episode Num: 57 Episode T: 999 Reward: -37.719
Total T: 57896 Episode Num: 58 Episode T: 999 Reward: -38.096
Total T: 58895 Episode Num: 59 Episode T: 999 Reward: -36.246
Total T: 59894 Episode Num: 60 Episode T: 999 Reward: -38.512
---------------------------------------
Evaluation over 10 episodes: -0.730
---------------------------------------
Total T: 60893 Episode Num: 61 Episode T: 999 Reward: -39.956
Total T: 61892 Episode Num: 62 Episode T: 999 Reward: -38.054
Total T: 62891 Episode Num: 63 Episode T: 999 Reward: -37.675
Total T: 63890 Episode Num: 64 Episode T: 999 Reward: -36.269
Total T: 64889 Episode Num: 65 Episode T: 999 Reward: -37.038
---------------------------------------
Evaluation over 10 episodes: -1.267
---------------------------------------
Total T: 65888 Episode Num: 66 Episode T: 999 Reward: -38.687
Total T: 66887 Episode Num: 67 Episode T: 999 Reward: -38.041
Total T: 67886 Episode Num: 68 Episode T: 999 Reward: -37.765
Total T: 68885 Episode Num: 69 Episode T: 999 Reward: -36.194
Total T: 69884 Episode Num: 70 Episode T: 999 Reward: -36.203
---------------------------------------
Evaluation over 10 episodes: -1.989
---------------------------------------
Total T: 70883 Episode Num: 71 Episode T: 999 Reward: -37.258
Total T: 71882 Episode Num: 72 Episode T: 999 Reward: -37.341
Total T: 72881 Episode Num: 73 Episode T: 999 Reward: -37.973
Total T: 73880 Episode Num: 74 Episode T: 999 Reward: -38.771
Total T: 74879 Episode Num: 75 Episode T: 999 Reward: -38.873
---------------------------------------
Evaluation over 10 episodes: -0.290
---------------------------------------
Total T: 75878 Episode Num: 76 Episode T: 999 Reward: -35.980
Total T: 76877 Episode Num: 77 Episode T: 999 Reward: -37.371
Total T: 77876 Episode Num: 78 Episode T: 999 Reward: -38.698
Total T: 78875 Episode Num: 79 Episode T: 999 Reward: -37.090
Total T: 79874 Episode Num: 80 Episode T: 999 Reward: -36.473
---------------------------------------
Evaluation over 10 episodes: -0.589
---------------------------------------
Total T: 80873 Episode Num: 81 Episode T: 999 Reward: -38.981
Total T: 81872 Episode Num: 82 Episode T: 999 Reward: -39.675
Total T: 82871 Episode Num: 83 Episode T: 999 Reward: -37.243
Total T: 83870 Episode Num: 84 Episode T: 999 Reward: -39.213
Total T: 84869 Episode Num: 85 Episode T: 999 Reward: -37.914
---------------------------------------
Evaluation over 10 episodes: -0.911
---------------------------------------
Total T: 85868 Episode Num: 86 Episode T: 999 Reward: -36.170
Total T: 86867 Episode Num: 87 Episode T: 999 Reward: -37.281
Total T: 87866 Episode Num: 88 Episode T: 999 Reward: -40.185
Total T: 88865 Episode Num: 89 Episode T: 999 Reward: -38.092
Total T: 89864 Episode Num: 90 Episode T: 999 Reward: -36.001
---------------------------------------
Evaluation over 10 episodes: -1.242
---------------------------------------
Total T: 90863 Episode Num: 91 Episode T: 999 Reward: -38.606
Total T: 91862 Episode Num: 92 Episode T: 999 Reward: -38.210
Total T: 92861 Episode Num: 93 Episode T: 999 Reward: -39.122
Total T: 93860 Episode Num: 94 Episode T: 999 Reward: -40.401
Total T: 94859 Episode Num: 95 Episode T: 999 Reward: -37.095
---------------------------------------
Evaluation over 10 episodes: -1.301
---------------------------------------
Total T: 95858 Episode Num: 96 Episode T: 999 Reward: -35.640
Total T: 96857 Episode Num: 97 Episode T: 999 Reward: -36.387
Total T: 97856 Episode Num: 98 Episode T: 999 Reward: -38.579
Total T: 98855 Episode Num: 99 Episode T: 999 Reward: -39.359
Total T: 99854 Episode Num: 100 Episode T: 999 Reward: -36.722
---------------------------------------
Evaluation over 10 episodes: -1.588
---------------------------------------
Total T: 100853 Episode Num: 101 Episode T: 999 Reward: -38.803
Total T: 101852 Episode Num: 102 Episode T: 999 Reward: -37.339
Total T: 102851 Episode Num: 103 Episode T: 999 Reward: -38.405
Total T: 103850 Episode Num: 104 Episode T: 999 Reward: -37.737
Total T: 104849 Episode Num: 105 Episode T: 999 Reward: -37.614
---------------------------------------
Evaluation over 10 episodes: -1.251
---------------------------------------
Total T: 105848 Episode Num: 106 Episode T: 999 Reward: -37.519
Total T: 106847 Episode Num: 107 Episode T: 999 Reward: -38.693
Total T: 107846 Episode Num: 108 Episode T: 999 Reward: -36.058
Total T: 108845 Episode Num: 109 Episode T: 999 Reward: -37.041
Total T: 109844 Episode Num: 110 Episode T: 999 Reward: -36.724
---------------------------------------
Evaluation over 10 episodes: -0.203
---------------------------------------
Total T: 110843 Episode Num: 111 Episode T: 999 Reward: -36.751
Total T: 111842 Episode Num: 112 Episode T: 999 Reward: -37.870
Total T: 112841 Episode Num: 113 Episode T: 999 Reward: -38.215
Total T: 113840 Episode Num: 114 Episode T: 999 Reward: -36.271
Total T: 114839 Episode Num: 115 Episode T: 999 Reward: -35.392
---------------------------------------
Evaluation over 10 episodes: -0.053
---------------------------------------
Total T: 115838 Episode Num: 116 Episode T: 999 Reward: -36.065
Total T: 116837 Episode Num: 117 Episode T: 999 Reward: -34.892
Total T: 117836 Episode Num: 118 Episode T: 999 Reward: -35.603
Total T: 118835 Episode Num: 119 Episode T: 999 Reward: -35.545
Total T: 119834 Episode Num: 120 Episode T: 999 Reward: -36.287
---------------------------------------
Evaluation over 10 episodes: -0.027
---------------------------------------
Total T: 120833 Episode Num: 121 Episode T: 999 Reward: -35.181
Total T: 121832 Episode Num: 122 Episode T: 999 Reward: -36.408
Total T: 122831 Episode Num: 123 Episode T: 999 Reward: -38.397
Total T: 123830 Episode Num: 124 Episode T: 999 Reward: -34.336
Total T: 124829 Episode Num: 125 Episode T: 999 Reward: -36.555
---------------------------------------
Evaluation over 10 episodes: -0.098
---------------------------------------
Total T: 125828 Episode Num: 126 Episode T: 999 Reward: -35.414
Total T: 126827 Episode Num: 127 Episode T: 999 Reward: -36.552
Total T: 127826 Episode Num: 128 Episode T: 999 Reward: -35.543
Total T: 128825 Episode Num: 129 Episode T: 999 Reward: -35.539
Total T: 129824 Episode Num: 130 Episode T: 999 Reward: -34.737
---------------------------------------
Evaluation over 10 episodes: -0.074
---------------------------------------
Total T: 130823 Episode Num: 131 Episode T: 999 Reward: -37.314
Total T: 131822 Episode Num: 132 Episode T: 999 Reward: -37.632
Total T: 132821 Episode Num: 133 Episode T: 999 Reward: -36.659
Total T: 133820 Episode Num: 134 Episode T: 999 Reward: -37.345
Total T: 134819 Episode Num: 135 Episode T: 999 Reward: -37.478
---------------------------------------
Evaluation over 10 episodes: -0.123
---------------------------------------
Total T: 135818 Episode Num: 136 Episode T: 999 Reward: -36.254
Total T: 136817 Episode Num: 137 Episode T: 999 Reward: -34.448
Total T: 137816 Episode Num: 138 Episode T: 999 Reward: -35.685
Total T: 138815 Episode Num: 139 Episode T: 999 Reward: -36.317
Total T: 139814 Episode Num: 140 Episode T: 999 Reward: -38.378
---------------------------------------
Evaluation over 10 episodes: -0.104
---------------------------------------
Total T: 140813 Episode Num: 141 Episode T: 999 Reward: -36.352
Total T: 141812 Episode Num: 142 Episode T: 999 Reward: -38.531
Total T: 142811 Episode Num: 143 Episode T: 999 Reward: -35.752
Total T: 143810 Episode Num: 144 Episode T: 999 Reward: -36.085
Total T: 144809 Episode Num: 145 Episode T: 999 Reward: -37.356
---------------------------------------
Evaluation over 10 episodes: -0.265
---------------------------------------
Total T: 145808 Episode Num: 146 Episode T: 999 Reward: -37.050
Total T: 146807 Episode Num: 147 Episode T: 999 Reward: -37.824
Total T: 147806 Episode Num: 148 Episode T: 999 Reward: -36.654
Total T: 148805 Episode Num: 149 Episode T: 999 Reward: -38.105
Total T: 149804 Episode Num: 150 Episode T: 999 Reward: -38.206
---------------------------------------
Evaluation over 10 episodes: -0.099
---------------------------------------
Total T: 150803 Episode Num: 151 Episode T: 999 Reward: -35.537
Total T: 151802 Episode Num: 152 Episode T: 999 Reward: -36.761
Total T: 152801 Episode Num: 153 Episode T: 999 Reward: -36.989
Total T: 153800 Episode Num: 154 Episode T: 999 Reward: -36.111
Total T: 154799 Episode Num: 155 Episode T: 999 Reward: -38.061
---------------------------------------
Evaluation over 10 episodes: -0.108
---------------------------------------
Total T: 155798 Episode Num: 156 Episode T: 999 Reward: -37.589
Total T: 156797 Episode Num: 157 Episode T: 999 Reward: -37.814
Total T: 157796 Episode Num: 158 Episode T: 999 Reward: -35.830
Total T: 158795 Episode Num: 159 Episode T: 999 Reward: -35.583
Total T: 159794 Episode Num: 160 Episode T: 999 Reward: -37.203
---------------------------------------
Evaluation over 10 episodes: -0.059
---------------------------------------
Total T: 160793 Episode Num: 161 Episode T: 999 Reward: -38.614
Total T: 161792 Episode Num: 162 Episode T: 999 Reward: -36.383
Total T: 162791 Episode Num: 163 Episode T: 999 Reward: -36.773
Total T: 163790 Episode Num: 164 Episode T: 999 Reward: -36.769
Total T: 164789 Episode Num: 165 Episode T: 999 Reward: -36.099
---------------------------------------
Evaluation over 10 episodes: -0.048
---------------------------------------
Total T: 165788 Episode Num: 166 Episode T: 999 Reward: -37.226
Total T: 166787 Episode Num: 167 Episode T: 999 Reward: -36.607
Total T: 167786 Episode Num: 168 Episode T: 999 Reward: -34.711
Total T: 168785 Episode Num: 169 Episode T: 999 Reward: -38.369
Total T: 169784 Episode Num: 170 Episode T: 999 Reward: -38.650
---------------------------------------
Evaluation over 10 episodes: -0.106
---------------------------------------
Total T: 170783 Episode Num: 171 Episode T: 999 Reward: -37.487
Total T: 171782 Episode Num: 172 Episode T: 999 Reward: -38.367
Total T: 172781 Episode Num: 173 Episode T: 999 Reward: -35.956
Total T: 173780 Episode Num: 174 Episode T: 999 Reward: -39.833
Total T: 174779 Episode Num: 175 Episode T: 999 Reward: -35.314
---------------------------------------
Evaluation over 10 episodes: -0.132
---------------------------------------
Total T: 175778 Episode Num: 176 Episode T: 999 Reward: -36.775
Total T: 176777 Episode Num: 177 Episode T: 999 Reward: -36.300
Total T: 177776 Episode Num: 178 Episode T: 999 Reward: -35.699
Total T: 178775 Episode Num: 179 Episode T: 999 Reward: -37.635
Total T: 179774 Episode Num: 180 Episode T: 999 Reward: -37.378
---------------------------------------
Evaluation over 10 episodes: -0.109
---------------------------------------
Total T: 180773 Episode Num: 181 Episode T: 999 Reward: -39.043
Total T: 181772 Episode Num: 182 Episode T: 999 Reward: -37.210
Total T: 182771 Episode Num: 183 Episode T: 999 Reward: -34.974
Total T: 183770 Episode Num: 184 Episode T: 999 Reward: -36.886
Total T: 184769 Episode Num: 185 Episode T: 999 Reward: -37.483
---------------------------------------
Evaluation over 10 episodes: -0.077
---------------------------------------
Total T: 185768 Episode Num: 186 Episode T: 999 Reward: -37.494
Total T: 186767 Episode Num: 187 Episode T: 999 Reward: -36.266
Total T: 187766 Episode Num: 188 Episode T: 999 Reward: -35.980
Total T: 188765 Episode Num: 189 Episode T: 999 Reward: -34.976
Total T: 189764 Episode Num: 190 Episode T: 999 Reward: -36.257
---------------------------------------
Evaluation over 10 episodes: -0.059
---------------------------------------
Total T: 190763 Episode Num: 191 Episode T: 999 Reward: -37.240
Total T: 191762 Episode Num: 192 Episode T: 999 Reward: -37.575
Total T: 192761 Episode Num: 193 Episode T: 999 Reward: -37.961
Total T: 193760 Episode Num: 194 Episode T: 999 Reward: -37.020
Total T: 194759 Episode Num: 195 Episode T: 999 Reward: -36.646
---------------------------------------
Evaluation over 10 episodes: -0.077
---------------------------------------
Total T: 195758 Episode Num: 196 Episode T: 999 Reward: -37.829
Total T: 196757 Episode Num: 197 Episode T: 999 Reward: -38.729
Total T: 197756 Episode Num: 198 Episode T: 999 Reward: -35.208
Total T: 198755 Episode Num: 199 Episode T: 999 Reward: -36.555
Total T: 199754 Episode Num: 200 Episode T: 999 Reward: -36.679
---------------------------------------
Evaluation over 10 episodes: -0.172
---------------------------------------
Total T: 200753 Episode Num: 201 Episode T: 999 Reward: -37.348
Total T: 201752 Episode Num: 202 Episode T: 999 Reward: -36.847
Total T: 202751 Episode Num: 203 Episode T: 999 Reward: -38.410
Total T: 203750 Episode Num: 204 Episode T: 999 Reward: -38.188
Total T: 204749 Episode Num: 205 Episode T: 999 Reward: -36.201
---------------------------------------
Evaluation over 10 episodes: -0.059
---------------------------------------
Total T: 205748 Episode Num: 206 Episode T: 999 Reward: -39.027
Total T: 206747 Episode Num: 207 Episode T: 999 Reward: -36.041
Total T: 207746 Episode Num: 208 Episode T: 999 Reward: -35.070
Total T: 208745 Episode Num: 209 Episode T: 999 Reward: -35.436
Total T: 209744 Episode Num: 210 Episode T: 999 Reward: -35.269
---------------------------------------
Evaluation over 10 episodes: -0.052
---------------------------------------
Total T: 210743 Episode Num: 211 Episode T: 999 Reward: -35.793
Total T: 211742 Episode Num: 212 Episode T: 999 Reward: -37.414
Total T: 212741 Episode Num: 213 Episode T: 999 Reward: -35.299
Total T: 213740 Episode Num: 214 Episode T: 999 Reward: -37.252
Total T: 214739 Episode Num: 215 Episode T: 999 Reward: -37.010
---------------------------------------
Evaluation over 10 episodes: -0.062
---------------------------------------
Total T: 215738 Episode Num: 216 Episode T: 999 Reward: -35.200
Total T: 216737 Episode Num: 217 Episode T: 999 Reward: -38.422
Total T: 217736 Episode Num: 218 Episode T: 999 Reward: -37.157
Total T: 218735 Episode Num: 219 Episode T: 999 Reward: -37.079
Total T: 219734 Episode Num: 220 Episode T: 999 Reward: -36.740
---------------------------------------
Evaluation over 10 episodes: -0.069
---------------------------------------
Total T: 220733 Episode Num: 221 Episode T: 999 Reward: -36.767
Total T: 221732 Episode Num: 222 Episode T: 999 Reward: -35.575
Total T: 222731 Episode Num: 223 Episode T: 999 Reward: -36.795
Total T: 223730 Episode Num: 224 Episode T: 999 Reward: -37.996
Total T: 224729 Episode Num: 225 Episode T: 999 Reward: -38.066
---------------------------------------
Evaluation over 10 episodes: -0.107
---------------------------------------
Total T: 225728 Episode Num: 226 Episode T: 999 Reward: -35.478
Total T: 226727 Episode Num: 227 Episode T: 999 Reward: -34.802
Total T: 227726 Episode Num: 228 Episode T: 999 Reward: -35.665
Total T: 228725 Episode Num: 229 Episode T: 999 Reward: -36.118
Total T: 229724 Episode Num: 230 Episode T: 999 Reward: -37.596
---------------------------------------
Evaluation over 10 episodes: -0.084
---------------------------------------
Total T: 230723 Episode Num: 231 Episode T: 999 Reward: -37.598
Total T: 231722 Episode Num: 232 Episode T: 999 Reward: -37.690
Total T: 232721 Episode Num: 233 Episode T: 999 Reward: -38.000
Total T: 233720 Episode Num: 234 Episode T: 999 Reward: -35.633
Total T: 234719 Episode Num: 235 Episode T: 999 Reward: -35.983
---------------------------------------
Evaluation over 10 episodes: -0.188
---------------------------------------
Total T: 235718 Episode Num: 236 Episode T: 999 Reward: -36.847
Total T: 236717 Episode Num: 237 Episode T: 999 Reward: -39.091
Total T: 237716 Episode Num: 238 Episode T: 999 Reward: -36.228
Total T: 238715 Episode Num: 239 Episode T: 999 Reward: -36.169
Total T: 239714 Episode Num: 240 Episode T: 999 Reward: -35.695
---------------------------------------
Evaluation over 10 episodes: -0.158
---------------------------------------
Total T: 240713 Episode Num: 241 Episode T: 999 Reward: -35.657
Total T: 241712 Episode Num: 242 Episode T: 999 Reward: -34.777
Total T: 242711 Episode Num: 243 Episode T: 999 Reward: -38.593
Total T: 243710 Episode Num: 244 Episode T: 999 Reward: -36.662
Total T: 244709 Episode Num: 245 Episode T: 999 Reward: -34.925
---------------------------------------
Evaluation over 10 episodes: -0.153
---------------------------------------
Total T: 245708 Episode Num: 246 Episode T: 999 Reward: -37.816
Total T: 246707 Episode Num: 247 Episode T: 999 Reward: -36.251
Total T: 247706 Episode Num: 248 Episode T: 999 Reward: -36.139
Total T: 248705 Episode Num: 249 Episode T: 999 Reward: -37.273
Total T: 249704 Episode Num: 250 Episode T: 999 Reward: -38.671
---------------------------------------
Evaluation over 10 episodes: -0.028
---------------------------------------
Total T: 250703 Episode Num: 251 Episode T: 999 Reward: -36.194
Total T: 251702 Episode Num: 252 Episode T: 999 Reward: -35.491
Total T: 252701 Episode Num: 253 Episode T: 999 Reward: -36.343
Total T: 253700 Episode Num: 254 Episode T: 999 Reward: -35.384
Total T: 254699 Episode Num: 255 Episode T: 999 Reward: -37.792
---------------------------------------
Evaluation over 10 episodes: -0.053
---------------------------------------
Total T: 255698 Episode Num: 256 Episode T: 999 Reward: -37.164
Total T: 256697 Episode Num: 257 Episode T: 999 Reward: -39.704
Total T: 257696 Episode Num: 258 Episode T: 999 Reward: -35.367
Total T: 258695 Episode Num: 259 Episode T: 999 Reward: -37.677
Total T: 259694 Episode Num: 260 Episode T: 999 Reward: -36.967
---------------------------------------
Evaluation over 10 episodes: -0.038
---------------------------------------
Total T: 260693 Episode Num: 261 Episode T: 999 Reward: -37.650
Total T: 261692 Episode Num: 262 Episode T: 999 Reward: -36.231
Total T: 262691 Episode Num: 263 Episode T: 999 Reward: -37.452
Total T: 263690 Episode Num: 264 Episode T: 999 Reward: -34.629
Total T: 264689 Episode Num: 265 Episode T: 999 Reward: -35.114
---------------------------------------
Evaluation over 10 episodes: -0.049
---------------------------------------
Total T: 265688 Episode Num: 266 Episode T: 999 Reward: -37.940
Total T: 266687 Episode Num: 267 Episode T: 999 Reward: -36.843
Total T: 267686 Episode Num: 268 Episode T: 999 Reward: -38.383
Total T: 268685 Episode Num: 269 Episode T: 999 Reward: -36.885
Total T: 269684 Episode Num: 270 Episode T: 999 Reward: -38.645
---------------------------------------
Evaluation over 10 episodes: -0.067
---------------------------------------
Total T: 270683 Episode Num: 271 Episode T: 999 Reward: -36.954
Total T: 271682 Episode Num: 272 Episode T: 999 Reward: -37.675
Total T: 272681 Episode Num: 273 Episode T: 999 Reward: -38.002
Total T: 273680 Episode Num: 274 Episode T: 999 Reward: -37.193
Total T: 274679 Episode Num: 275 Episode T: 999 Reward: -35.241
---------------------------------------
Evaluation over 10 episodes: -0.243
---------------------------------------
Total T: 275678 Episode Num: 276 Episode T: 999 Reward: -39.539
Total T: 276677 Episode Num: 277 Episode T: 999 Reward: -36.701
Total T: 277676 Episode Num: 278 Episode T: 999 Reward: -37.191
Total T: 278675 Episode Num: 279 Episode T: 999 Reward: -39.676
Total T: 279674 Episode Num: 280 Episode T: 999 Reward: -36.807
---------------------------------------
Evaluation over 10 episodes: -0.032
---------------------------------------
Total T: 280673 Episode Num: 281 Episode T: 999 Reward: -37.114
Total T: 281672 Episode Num: 282 Episode T: 999 Reward: -37.383
Total T: 282671 Episode Num: 283 Episode T: 999 Reward: -37.198
Total T: 283670 Episode Num: 284 Episode T: 999 Reward: -37.077
Total T: 284669 Episode Num: 285 Episode T: 999 Reward: -34.602
---------------------------------------
Evaluation over 10 episodes: -0.065
---------------------------------------
Total T: 285668 Episode Num: 286 Episode T: 999 Reward: -36.911
Total T: 286667 Episode Num: 287 Episode T: 999 Reward: -36.791
Total T: 287666 Episode Num: 288 Episode T: 999 Reward: -36.350
Total T: 288665 Episode Num: 289 Episode T: 999 Reward: -36.937
Total T: 289664 Episode Num: 290 Episode T: 999 Reward: -34.911
---------------------------------------
Evaluation over 10 episodes: -0.031
---------------------------------------
Total T: 290663 Episode Num: 291 Episode T: 999 Reward: -34.988
Total T: 291662 Episode Num: 292 Episode T: 999 Reward: -38.130
Total T: 292661 Episode Num: 293 Episode T: 999 Reward: -34.375
Total T: 293660 Episode Num: 294 Episode T: 999 Reward: -36.130
Total T: 294659 Episode Num: 295 Episode T: 999 Reward: -35.833
---------------------------------------
Evaluation over 10 episodes: -0.030
---------------------------------------
Total T: 295658 Episode Num: 296 Episode T: 999 Reward: -35.193
Total T: 296657 Episode Num: 297 Episode T: 999 Reward: -37.476
Total T: 297656 Episode Num: 298 Episode T: 999 Reward: -37.832
Total T: 298655 Episode Num: 299 Episode T: 999 Reward: -38.084
Total T: 299654 Episode Num: 300 Episode T: 999 Reward: -36.807
---------------------------------------
Evaluation over 10 episodes: -0.078
---------------------------------------
Total T: 300653 Episode Num: 301 Episode T: 999 Reward: -37.121
Total T: 301281 Episode Num: 302 Episode T: 628 Reward: 75.269
Total T: 302280 Episode Num: 303 Episode T: 999 Reward: -37.241
Total T: 303230 Episode Num: 304 Episode T: 950 Reward: 62.870
Total T: 303811 Episode Num: 305 Episode T: 581 Reward: 76.868
Total T: 304185 Episode Num: 306 Episode T: 374 Reward: 84.940
Total T: 304900 Episode Num: 307 Episode T: 715 Reward: 71.545
---------------------------------------
Evaluation over 10 episodes: -0.173
---------------------------------------
Total T: 305527 Episode Num: 308 Episode T: 627 Reward: 75.734
Total T: 306114 Episode Num: 309 Episode T: 587 Reward: 75.749
Total T: 306428 Episode Num: 310 Episode T: 314 Reward: 86.726
Total T: 307427 Episode Num: 311 Episode T: 999 Reward: -36.376
Total T: 308016 Episode Num: 312 Episode T: 589 Reward: 75.273
Total T: 308332 Episode Num: 313 Episode T: 316 Reward: 85.892
Total T: 308550 Episode Num: 314 Episode T: 218 Reward: 89.979
Total T: 309086 Episode Num: 315 Episode T: 536 Reward: 77.568
Total T: 309306 Episode Num: 316 Episode T: 220 Reward: 89.170
Total T: 309667 Episode Num: 317 Episode T: 361 Reward: 82.727
Total T: 309840 Episode Num: 318 Episode T: 173 Reward: 90.995
---------------------------------------
Evaluation over 10 episodes: 18.261
---------------------------------------
Total T: 310072 Episode Num: 319 Episode T: 232 Reward: 88.519
Total T: 310239 Episode Num: 320 Episode T: 167 Reward: 90.794
Total T: 310583 Episode Num: 321 Episode T: 344 Reward: 86.149
Total T: 310820 Episode Num: 322 Episode T: 237 Reward: 88.915
Total T: 311172 Episode Num: 323 Episode T: 352 Reward: 84.371
Total T: 311364 Episode Num: 324 Episode T: 192 Reward: 91.387
Total T: 311632 Episode Num: 325 Episode T: 268 Reward: 86.739
Total T: 311783 Episode Num: 326 Episode T: 151 Reward: 91.590
Total T: 312394 Episode Num: 327 Episode T: 611 Reward: 73.754
Total T: 312614 Episode Num: 328 Episode T: 220 Reward: 88.622
Total T: 312760 Episode Num: 329 Episode T: 146 Reward: 92.634
Total T: 312979 Episode Num: 330 Episode T: 219 Reward: 88.701
Total T: 313262 Episode Num: 331 Episode T: 283 Reward: 86.511
Total T: 313411 Episode Num: 332 Episode T: 149 Reward: 92.226
Total T: 313634 Episode Num: 333 Episode T: 223 Reward: 88.291
Total T: 313785 Episode Num: 334 Episode T: 151 Reward: 91.856
Total T: 314064 Episode Num: 335 Episode T: 279 Reward: 86.621
Total T: 314243 Episode Num: 336 Episode T: 179 Reward: 90.521
Total T: 314476 Episode Num: 337 Episode T: 233 Reward: 87.480
Total T: 314651 Episode Num: 338 Episode T: 175 Reward: 89.442
Total T: 314869 Episode Num: 339 Episode T: 218 Reward: 88.750
---------------------------------------
Evaluation over 10 episodes: 90.949
---------------------------------------
Total T: 315102 Episode Num: 340 Episode T: 233 Reward: 86.233
Total T: 315251 Episode Num: 341 Episode T: 149 Reward: 91.880
Total T: 315441 Episode Num: 342 Episode T: 190 Reward: 88.805
Total T: 315648 Episode Num: 343 Episode T: 207 Reward: 89.351
Total T: 315813 Episode Num: 344 Episode T: 165 Reward: 91.099
Total T: 315988 Episode Num: 345 Episode T: 175 Reward: 89.947
Total T: 316223 Episode Num: 346 Episode T: 235 Reward: 84.396
Total T: 316394 Episode Num: 347 Episode T: 171 Reward: 89.177
Total T: 316567 Episode Num: 348 Episode T: 173 Reward: 90.257
Total T: 316814 Episode Num: 349 Episode T: 247 Reward: 86.037
Total T: 317028 Episode Num: 350 Episode T: 214 Reward: 88.237
Total T: 317198 Episode Num: 351 Episode T: 170 Reward: 90.324
Total T: 317384 Episode Num: 352 Episode T: 186 Reward: 88.777
Total T: 317576 Episode Num: 353 Episode T: 192 Reward: 88.402
Total T: 317872 Episode Num: 354 Episode T: 296 Reward: 83.192
Total T: 318002 Episode Num: 355 Episode T: 130 Reward: 92.638
Total T: 318233 Episode Num: 356 Episode T: 231 Reward: 87.067
Total T: 318438 Episode Num: 357 Episode T: 205 Reward: 89.235
Total T: 318587 Episode Num: 358 Episode T: 149 Reward: 90.693
Total T: 318755 Episode Num: 359 Episode T: 168 Reward: 90.864
Total T: 318897 Episode Num: 360 Episode T: 142 Reward: 92.292
Total T: 319051 Episode Num: 361 Episode T: 154 Reward: 91.007
Total T: 319191 Episode Num: 362 Episode T: 140 Reward: 92.213
Total T: 319345 Episode Num: 363 Episode T: 154 Reward: 91.497
Total T: 319479 Episode Num: 364 Episode T: 134 Reward: 92.226
Total T: 319619 Episode Num: 365 Episode T: 140 Reward: 93.049
Total T: 319702 Episode Num: 366 Episode T: 83 Reward: 94.341
Total T: 319869 Episode Num: 367 Episode T: 167 Reward: 88.860
---------------------------------------
Evaluation over 10 episodes: 92.872
---------------------------------------
Total T: 320014 Episode Num: 368 Episode T: 145 Reward: 90.820
Total T: 320142 Episode Num: 369 Episode T: 128 Reward: 92.506
Total T: 320263 Episode Num: 370 Episode T: 121 Reward: 92.316
Total T: 320396 Episode Num: 371 Episode T: 133 Reward: 93.076
Total T: 320523 Episode Num: 372 Episode T: 127 Reward: 93.160
Total T: 320654 Episode Num: 373 Episode T: 131 Reward: 92.962
Total T: 320733 Episode Num: 374 Episode T: 79 Reward: 94.477
Total T: 320833 Episode Num: 375 Episode T: 100 Reward: 93.533
Total T: 320975 Episode Num: 376 Episode T: 142 Reward: 91.980
Total T: 321124 Episode Num: 377 Episode T: 149 Reward: 91.718
Total T: 321268 Episode Num: 378 Episode T: 144 Reward: 91.619
Total T: 321421 Episode Num: 379 Episode T: 153 Reward: 91.843
Total T: 321596 Episode Num: 380 Episode T: 175 Reward: 88.902
Total T: 321688 Episode Num: 381 Episode T: 92 Reward: 93.969
Total T: 321819 Episode Num: 382 Episode T: 131 Reward: 92.064
Total T: 321957 Episode Num: 383 Episode T: 138 Reward: 91.371
Total T: 322061 Episode Num: 384 Episode T: 104 Reward: 93.187
Total T: 322138 Episode Num: 385 Episode T: 77 Reward: 94.916
Total T: 322276 Episode Num: 386 Episode T: 138 Reward: 91.751
Total T: 322413 Episode Num: 387 Episode T: 137 Reward: 91.937
Total T: 322551 Episode Num: 388 Episode T: 138 Reward: 92.392
Total T: 322691 Episode Num: 389 Episode T: 140 Reward: 90.986
Total T: 322840 Episode Num: 390 Episode T: 149 Reward: 90.280
Total T: 322915 Episode Num: 391 Episode T: 75 Reward: 94.863
Total T: 322990 Episode Num: 392 Episode T: 75 Reward: 94.766
Total T: 323137 Episode Num: 393 Episode T: 147 Reward: 90.412
Total T: 323212 Episode Num: 394 Episode T: 75 Reward: 94.726
Total T: 323296 Episode Num: 395 Episode T: 84 Reward: 94.026
Total T: 323373 Episode Num: 396 Episode T: 77 Reward: 94.119
Total T: 323525 Episode Num: 397 Episode T: 152 Reward: 89.336
Total T: 323598 Episode Num: 398 Episode T: 73 Reward: 94.520
Total T: 323757 Episode Num: 399 Episode T: 159 Reward: 88.603
Total T: 323830 Episode Num: 400 Episode T: 73 Reward: 94.665
Total T: 323913 Episode Num: 401 Episode T: 83 Reward: 94.372
Total T: 324067 Episode Num: 402 Episode T: 154 Reward: 90.086
Total T: 324209 Episode Num: 403 Episode T: 142 Reward: 90.104
Total T: 324294 Episode Num: 404 Episode T: 85 Reward: 94.234
Total T: 324369 Episode Num: 405 Episode T: 75 Reward: 94.775
Total T: 324445 Episode Num: 406 Episode T: 76 Reward: 94.203
Total T: 324602 Episode Num: 407 Episode T: 157 Reward: 89.561
Total T: 324749 Episode Num: 408 Episode T: 147 Reward: 89.913
Total T: 324896 Episode Num: 409 Episode T: 147 Reward: 90.384
Total T: 324978 Episode Num: 410 Episode T: 82 Reward: 94.539
---------------------------------------
Evaluation over 10 episodes: 92.978
---------------------------------------
Total T: 325116 Episode Num: 411 Episode T: 138 Reward: 91.001
Total T: 325258 Episode Num: 412 Episode T: 142 Reward: 90.659
Total T: 325340 Episode Num: 413 Episode T: 82 Reward: 94.748
Total T: 325416 Episode Num: 414 Episode T: 76 Reward: 94.759
Total T: 325563 Episode Num: 415 Episode T: 147 Reward: 90.356
Total T: 325649 Episode Num: 416 Episode T: 86 Reward: 94.483
Total T: 325818 Episode Num: 417 Episode T: 169 Reward: 88.144
Total T: 325900 Episode Num: 418 Episode T: 82 Reward: 93.957
Total T: 326060 Episode Num: 419 Episode T: 160 Reward: 89.737
Total T: 326147 Episode Num: 420 Episode T: 87 Reward: 93.816
Total T: 326244 Episode Num: 421 Episode T: 97 Reward: 93.499
Total T: 326410 Episode Num: 422 Episode T: 166 Reward: 89.576
Total T: 326498 Episode Num: 423 Episode T: 88 Reward: 94.676
Total T: 326576 Episode Num: 424 Episode T: 78 Reward: 94.480
Total T: 326669 Episode Num: 425 Episode T: 93 Reward: 93.489
Total T: 326843 Episode Num: 426 Episode T: 174 Reward: 87.251
Total T: 326921 Episode Num: 427 Episode T: 78 Reward: 94.435
Total T: 327068 Episode Num: 428 Episode T: 147 Reward: 90.509
Total T: 327155 Episode Num: 429 Episode T: 87 Reward: 93.666
Total T: 327294 Episode Num: 430 Episode T: 139 Reward: 90.399
Total T: 327371 Episode Num: 431 Episode T: 77 Reward: 94.218
Total T: 327446 Episode Num: 432 Episode T: 75 Reward: 94.409
Total T: 327524 Episode Num: 433 Episode T: 78 Reward: 94.494
Total T: 327621 Episode Num: 434 Episode T: 97 Reward: 93.337
Total T: 327701 Episode Num: 435 Episode T: 80 Reward: 94.240
Total T: 327796 Episode Num: 436 Episode T: 95 Reward: 94.243
Total T: 327873 Episode Num: 437 Episode T: 77 Reward: 94.341
Total T: 327951 Episode Num: 438 Episode T: 78 Reward: 94.535
Total T: 328103 Episode Num: 439 Episode T: 152 Reward: 90.458
Total T: 328241 Episode Num: 440 Episode T: 138 Reward: 90.544
Total T: 328324 Episode Num: 441 Episode T: 83 Reward: 94.386
Total T: 328484 Episode Num: 442 Episode T: 160 Reward: 89.459
Total T: 328652 Episode Num: 443 Episode T: 168 Reward: 89.164
Total T: 328812 Episode Num: 444 Episode T: 160 Reward: 89.601
Total T: 328901 Episode Num: 445 Episode T: 89 Reward: 93.330
Total T: 328983 Episode Num: 446 Episode T: 82 Reward: 94.511
Total T: 329066 Episode Num: 447 Episode T: 83 Reward: 94.329
Total T: 329219 Episode Num: 448 Episode T: 153 Reward: 89.657
Total T: 329298 Episode Num: 449 Episode T: 79 Reward: 94.421
Total T: 329380 Episode Num: 450 Episode T: 82 Reward: 94.836
Total T: 329525 Episode Num: 451 Episode T: 145 Reward: 90.970
Total T: 329608 Episode Num: 452 Episode T: 83 Reward: 94.176
Total T: 329687 Episode Num: 453 Episode T: 79 Reward: 94.283
Total T: 329768 Episode Num: 454 Episode T: 81 Reward: 94.036
Total T: 329864 Episode Num: 455 Episode T: 96 Reward: 93.681
Total T: 329942 Episode Num: 456 Episode T: 78 Reward: 93.997
---------------------------------------
Evaluation over 10 episodes: 92.734
---------------------------------------
Total T: 330022 Episode Num: 457 Episode T: 80 Reward: 94.052
Total T: 330185 Episode Num: 458 Episode T: 163 Reward: 90.540
Total T: 330265 Episode Num: 459 Episode T: 80 Reward: 93.800
Total T: 330349 Episode Num: 460 Episode T: 84 Reward: 94.689
Total T: 330427 Episode Num: 461 Episode T: 78 Reward: 94.513
Total T: 330507 Episode Num: 462 Episode T: 80 Reward: 94.198
Total T: 330677 Episode Num: 463 Episode T: 170 Reward: 87.754
Total T: 330773 Episode Num: 464 Episode T: 96 Reward: 93.979
Total T: 330933 Episode Num: 465 Episode T: 160 Reward: 89.788
Total T: 331033 Episode Num: 466 Episode T: 100 Reward: 94.035
Total T: 331131 Episode Num: 467 Episode T: 98 Reward: 92.928
Total T: 331210 Episode Num: 468 Episode T: 79 Reward: 94.242
Total T: 331291 Episode Num: 469 Episode T: 81 Reward: 94.254
Total T: 331383 Episode Num: 470 Episode T: 92 Reward: 93.229
Total T: 331608 Episode Num: 471 Episode T: 225 Reward: 85.327
Total T: 331686 Episode Num: 472 Episode T: 78 Reward: 93.671
Total T: 331772 Episode Num: 473 Episode T: 86 Reward: 94.417
Total T: 331860 Episode Num: 474 Episode T: 88 Reward: 93.735
Total T: 331938 Episode Num: 475 Episode T: 78 Reward: 94.513
Total T: 332021 Episode Num: 476 Episode T: 83 Reward: 94.297
Total T: 332105 Episode Num: 477 Episode T: 84 Reward: 94.078
Total T: 332190 Episode Num: 478 Episode T: 85 Reward: 93.914
Total T: 332281 Episode Num: 479 Episode T: 91 Reward: 93.791
Total T: 332364 Episode Num: 480 Episode T: 83 Reward: 94.352
Total T: 332561 Episode Num: 481 Episode T: 197 Reward: 87.143
Total T: 332644 Episode Num: 482 Episode T: 83 Reward: 94.274
Total T: 332723 Episode Num: 483 Episode T: 79 Reward: 94.418
Total T: 332802 Episode Num: 484 Episode T: 79 Reward: 94.645
Total T: 332886 Episode Num: 485 Episode T: 84 Reward: 93.804
Total T: 332982 Episode Num: 486 Episode T: 96 Reward: 93.554
Total T: 333072 Episode Num: 487 Episode T: 90 Reward: 93.971
Total T: 333217 Episode Num: 488 Episode T: 145 Reward: 90.165
Total T: 333296 Episode Num: 489 Episode T: 79 Reward: 94.421
Total T: 333533 Episode Num: 490 Episode T: 237 Reward: 83.082
Total T: 333615 Episode Num: 491 Episode T: 82 Reward: 94.634
Total T: 333717 Episode Num: 492 Episode T: 102 Reward: 92.416
Total T: 333802 Episode Num: 493 Episode T: 85 Reward: 94.682
Total T: 333881 Episode Num: 494 Episode T: 79 Reward: 94.676
Total T: 333967 Episode Num: 495 Episode T: 86 Reward: 94.100
Total T: 334086 Episode Num: 496 Episode T: 119 Reward: 91.447
Total T: 334167 Episode Num: 497 Episode T: 81 Reward: 94.200
Total T: 334319 Episode Num: 498 Episode T: 152 Reward: 89.544
Total T: 334420 Episode Num: 499 Episode T: 101 Reward: 93.048
Total T: 334516 Episode Num: 500 Episode T: 96 Reward: 93.535
Total T: 334594 Episode Num: 501 Episode T: 78 Reward: 94.187
Total T: 334730 Episode Num: 502 Episode T: 136 Reward: 90.714
Total T: 334867 Episode Num: 503 Episode T: 137 Reward: 90.878
Total T: 334952 Episode Num: 504 Episode T: 85 Reward: 94.075
---------------------------------------
Evaluation over 10 episodes: 92.613
---------------------------------------
Total T: 335046 Episode Num: 505 Episode T: 94 Reward: 93.270
Total T: 335124 Episode Num: 506 Episode T: 78 Reward: 94.450
Total T: 335215 Episode Num: 507 Episode T: 91 Reward: 94.127
Total T: 335355 Episode Num: 508 Episode T: 140 Reward: 91.241
Total T: 335443 Episode Num: 509 Episode T: 88 Reward: 93.890
Total T: 335583 Episode Num: 510 Episode T: 140 Reward: 91.324
Total T: 335739 Episode Num: 511 Episode T: 156 Reward: 89.522
Total T: 335819 Episode Num: 512 Episode T: 80 Reward: 94.671
Total T: 335978 Episode Num: 513 Episode T: 159 Reward: 89.504
Total T: 336073 Episode Num: 514 Episode T: 95 Reward: 93.321
Total T: 336221 Episode Num: 515 Episode T: 148 Reward: 90.278
Total T: 336303 Episode Num: 516 Episode T: 82 Reward: 94.739
Total T: 336393 Episode Num: 517 Episode T: 90 Reward: 93.873
Total T: 336486 Episode Num: 518 Episode T: 93 Reward: 93.446
Total T: 336580 Episode Num: 519 Episode T: 94 Reward: 92.845
Total T: 336662 Episode Num: 520 Episode T: 82 Reward: 94.694
Total T: 336813 Episode Num: 521 Episode T: 151 Reward: 89.988
Total T: 336891 Episode Num: 522 Episode T: 78 Reward: 94.208
Total T: 337033 Episode Num: 523 Episode T: 142 Reward: 89.778
Total T: 337120 Episode Num: 524 Episode T: 87 Reward: 94.120
Total T: 337208 Episode Num: 525 Episode T: 88 Reward: 93.849
Total T: 337291 Episode Num: 526 Episode T: 83 Reward: 94.118
Total T: 337374 Episode Num: 527 Episode T: 83 Reward: 94.421
Total T: 337472 Episode Num: 528 Episode T: 98 Reward: 93.584
Total T: 337618 Episode Num: 529 Episode T: 146 Reward: 90.116
Total T: 337705 Episode Num: 530 Episode T: 87 Reward: 94.079
Total T: 337785 Episode Num: 531 Episode T: 80 Reward: 94.699
Total T: 337869 Episode Num: 532 Episode T: 84 Reward: 94.553
Total T: 337946 Episode Num: 533 Episode T: 77 Reward: 94.539
Total T: 338084 Episode Num: 534 Episode T: 138 Reward: 90.586
Total T: 338173 Episode Num: 535 Episode T: 89 Reward: 93.547
Total T: 338317 Episode Num: 536 Episode T: 144 Reward: 90.180
Total T: 338397 Episode Num: 537 Episode T: 80 Reward: 94.301
Total T: 338473 Episode Num: 538 Episode T: 76 Reward: 94.243
Total T: 338571 Episode Num: 539 Episode T: 98 Reward: 93.970
Total T: 338652 Episode Num: 540 Episode T: 81 Reward: 94.710
Total T: 338731 Episode Num: 541 Episode T: 79 Reward: 94.458
Total T: 338813 Episode Num: 542 Episode T: 82 Reward: 95.108
Total T: 338891 Episode Num: 543 Episode T: 78 Reward: 94.194
Total T: 339028 Episode Num: 544 Episode T: 137 Reward: 90.933
Total T: 339117 Episode Num: 545 Episode T: 89 Reward: 93.791
Total T: 339196 Episode Num: 546 Episode T: 79 Reward: 94.045
Total T: 339340 Episode Num: 547 Episode T: 144 Reward: 89.971
Total T: 339418 Episode Num: 548 Episode T: 78 Reward: 94.783
Total T: 339500 Episode Num: 549 Episode T: 82 Reward: 94.369
Total T: 339647 Episode Num: 550 Episode T: 147 Reward: 89.586
Total T: 339792 Episode Num: 551 Episode T: 145 Reward: 90.263
Total T: 339926 Episode Num: 552 Episode T: 134 Reward: 90.227
---------------------------------------
Evaluation over 10 episodes: 92.614
---------------------------------------
Total T: 340068 Episode Num: 553 Episode T: 142 Reward: 91.029
Total T: 340213 Episode Num: 554 Episode T: 145 Reward: 89.966
Total T: 340299 Episode Num: 555 Episode T: 86 Reward: 94.326
Total T: 340446 Episode Num: 556 Episode T: 147 Reward: 90.249
Total T: 340595 Episode Num: 557 Episode T: 149 Reward: 90.321
Total T: 340738 Episode Num: 558 Episode T: 143 Reward: 90.379
Total T: 340880 Episode Num: 559 Episode T: 142 Reward: 89.980
Total T: 340963 Episode Num: 560 Episode T: 83 Reward: 94.005
Total T: 341107 Episode Num: 561 Episode T: 144 Reward: 90.073
Total T: 341246 Episode Num: 562 Episode T: 139 Reward: 89.591
Total T: 341332 Episode Num: 563 Episode T: 86 Reward: 94.680
Total T: 341415 Episode Num: 564 Episode T: 83 Reward: 93.965
Total T: 341552 Episode Num: 565 Episode T: 137 Reward: 90.779
Total T: 341633 Episode Num: 566 Episode T: 81 Reward: 94.717
Total T: 341718 Episode Num: 567 Episode T: 85 Reward: 93.975
Total T: 341861 Episode Num: 568 Episode T: 143 Reward: 90.159
Total T: 341970 Episode Num: 569 Episode T: 109 Reward: 92.427
Total T: 342053 Episode Num: 570 Episode T: 83 Reward: 94.362
Total T: 342161 Episode Num: 571 Episode T: 108 Reward: 92.578
Total T: 342239 Episode Num: 572 Episode T: 78 Reward: 94.667
Total T: 342327 Episode Num: 573 Episode T: 88 Reward: 94.069
Total T: 342404 Episode Num: 574 Episode T: 77 Reward: 94.528
Total T: 342485 Episode Num: 575 Episode T: 81 Reward: 94.547
Total T: 342566 Episode Num: 576 Episode T: 81 Reward: 94.135
Total T: 342676 Episode Num: 577 Episode T: 110 Reward: 93.094
Total T: 342768 Episode Num: 578 Episode T: 92 Reward: 93.915
Total T: 342871 Episode Num: 579 Episode T: 103 Reward: 93.037
Total T: 342971 Episode Num: 580 Episode T: 100 Reward: 92.568
Total T: 343079 Episode Num: 581 Episode T: 108 Reward: 93.478
Total T: 343185 Episode Num: 582 Episode T: 106 Reward: 92.773
Total T: 343289 Episode Num: 583 Episode T: 104 Reward: 93.151
Total T: 343396 Episode Num: 584 Episode T: 107 Reward: 92.483
Total T: 343503 Episode Num: 585 Episode T: 107 Reward: 92.247
Total T: 343604 Episode Num: 586 Episode T: 101 Reward: 92.663
Total T: 343710 Episode Num: 587 Episode T: 106 Reward: 92.365
Total T: 343810 Episode Num: 588 Episode T: 100 Reward: 92.404
Total T: 343912 Episode Num: 589 Episode T: 102 Reward: 92.600
Total T: 344015 Episode Num: 590 Episode T: 103 Reward: 92.900
Total T: 344117 Episode Num: 591 Episode T: 102 Reward: 92.447
Total T: 344235 Episode Num: 592 Episode T: 118 Reward: 92.753
Total T: 344341 Episode Num: 593 Episode T: 106 Reward: 92.349
Total T: 344466 Episode Num: 594 Episode T: 125 Reward: 91.122
Total T: 344583 Episode Num: 595 Episode T: 117 Reward: 92.444
Total T: 344681 Episode Num: 596 Episode T: 98 Reward: 91.863
Total T: 344800 Episode Num: 597 Episode T: 119 Reward: 92.169
Total T: 344904 Episode Num: 598 Episode T: 104 Reward: 92.618
---------------------------------------
Evaluation over 10 episodes: 90.623
---------------------------------------
Total T: 345022 Episode Num: 599 Episode T: 118 Reward: 92.246
Total T: 345125 Episode Num: 600 Episode T: 103 Reward: 92.938
Total T: 345230 Episode Num: 601 Episode T: 105 Reward: 92.679
Total T: 345357 Episode Num: 602 Episode T: 127 Reward: 91.029
Total T: 345461 Episode Num: 603 Episode T: 104 Reward: 92.273
Total T: 345573 Episode Num: 604 Episode T: 112 Reward: 92.155
Total T: 345678 Episode Num: 605 Episode T: 105 Reward: 92.864
Total T: 345791 Episode Num: 606 Episode T: 113 Reward: 92.071
Total T: 345929 Episode Num: 607 Episode T: 138 Reward: 90.440
Total T: 346075 Episode Num: 608 Episode T: 146 Reward: 90.165
Total T: 346189 Episode Num: 609 Episode T: 114 Reward: 92.218
Total T: 346303 Episode Num: 610 Episode T: 114 Reward: 92.072
Total T: 346417 Episode Num: 611 Episode T: 114 Reward: 92.327
Total T: 346534 Episode Num: 612 Episode T: 117 Reward: 92.382
Total T: 346643 Episode Num: 613 Episode T: 109 Reward: 92.848
Total T: 346748 Episode Num: 614 Episode T: 105 Reward: 93.233
Total T: 346866 Episode Num: 615 Episode T: 118 Reward: 91.514
Total T: 346987 Episode Num: 616 Episode T: 121 Reward: 91.383
Total T: 347137 Episode Num: 617 Episode T: 150 Reward: 90.215
Total T: 347244 Episode Num: 618 Episode T: 107 Reward: 92.180
Total T: 347362 Episode Num: 619 Episode T: 118 Reward: 92.123
Total T: 347478 Episode Num: 620 Episode T: 116 Reward: 91.530
Total T: 347600 Episode Num: 621 Episode T: 122 Reward: 91.284
Total T: 347717 Episode Num: 622 Episode T: 117 Reward: 91.705
Total T: 347843 Episode Num: 623 Episode T: 126 Reward: 92.311
Total T: 347959 Episode Num: 624 Episode T: 116 Reward: 92.316
Total T: 348082 Episode Num: 625 Episode T: 123 Reward: 91.658
Total T: 348206 Episode Num: 626 Episode T: 124 Reward: 91.279
Total T: 348319 Episode Num: 627 Episode T: 113 Reward: 92.763
Total T: 348458 Episode Num: 628 Episode T: 139 Reward: 90.204
Total T: 348563 Episode Num: 629 Episode T: 105 Reward: 92.697
Total T: 348681 Episode Num: 630 Episode T: 118 Reward: 91.865
Total T: 348842 Episode Num: 631 Episode T: 161 Reward: 89.393
Total T: 348957 Episode Num: 632 Episode T: 115 Reward: 91.803
Total T: 349070 Episode Num: 633 Episode T: 113 Reward: 92.663
Total T: 349178 Episode Num: 634 Episode T: 108 Reward: 92.351
Total T: 349290 Episode Num: 635 Episode T: 112 Reward: 91.775
Total T: 349407 Episode Num: 636 Episode T: 117 Reward: 93.161
Total T: 349518 Episode Num: 637 Episode T: 111 Reward: 91.682
Total T: 349633 Episode Num: 638 Episode T: 115 Reward: 91.994
Total T: 349742 Episode Num: 639 Episode T: 109 Reward: 92.497
Total T: 349850 Episode Num: 640 Episode T: 108 Reward: 92.517
---------------------------------------
Evaluation over 10 episodes: 90.147
---------------------------------------
Total T: 350086 Episode Num: 641 Episode T: 236 Reward: 84.219
Total T: 350196 Episode Num: 642 Episode T: 110 Reward: 92.223
Total T: 350312 Episode Num: 643 Episode T: 116 Reward: 92.863
Total T: 350432 Episode Num: 644 Episode T: 120 Reward: 91.838
Total T: 350548 Episode Num: 645 Episode T: 116 Reward: 91.836
Total T: 350664 Episode Num: 646 Episode T: 116 Reward: 92.402
Total T: 350770 Episode Num: 647 Episode T: 106 Reward: 92.830
Total T: 350884 Episode Num: 648 Episode T: 114 Reward: 92.029
Total T: 351309 Episode Num: 649 Episode T: 425 Reward: 70.921
Total T: 351421 Episode Num: 650 Episode T: 112 Reward: 92.412
Total T: 351531 Episode Num: 651 Episode T: 110 Reward: 92.770
Total T: 351717 Episode Num: 652 Episode T: 186 Reward: 87.585
Total T: 351826 Episode Num: 653 Episode T: 109 Reward: 92.781
Total T: 351939 Episode Num: 654 Episode T: 113 Reward: 93.036
Total T: 352056 Episode Num: 655 Episode T: 117 Reward: 92.597
Total T: 352165 Episode Num: 656 Episode T: 109 Reward: 92.954
Total T: 352271 Episode Num: 657 Episode T: 106 Reward: 92.603
Total T: 352381 Episode Num: 658 Episode T: 110 Reward: 92.881
Total T: 352490 Episode Num: 659 Episode T: 109 Reward: 92.397
Total T: 352602 Episode Num: 660 Episode T: 112 Reward: 92.424
Total T: 352718 Episode Num: 661 Episode T: 116 Reward: 92.470
Total T: 352833 Episode Num: 662 Episode T: 115 Reward: 92.492
Total T: 352942 Episode Num: 663 Episode T: 109 Reward: 92.979
Total T: 353051 Episode Num: 664 Episode T: 109 Reward: 93.133
Total T: 353159 Episode Num: 665 Episode T: 108 Reward: 92.843
Total T: 353278 Episode Num: 666 Episode T: 119 Reward: 91.900
Total T: 353384 Episode Num: 667 Episode T: 106 Reward: 92.864
Total T: 353496 Episode Num: 668 Episode T: 112 Reward: 93.024
Total T: 353613 Episode Num: 669 Episode T: 117 Reward: 92.578
Total T: 353724 Episode Num: 670 Episode T: 111 Reward: 92.615
Total T: 353831 Episode Num: 671 Episode T: 107 Reward: 93.037
Total T: 354047 Episode Num: 672 Episode T: 216 Reward: 85.306
Total T: 354152 Episode Num: 673 Episode T: 105 Reward: 93.427
Total T: 354261 Episode Num: 674 Episode T: 109 Reward: 92.642
Total T: 354436 Episode Num: 675 Episode T: 175 Reward: 89.142
Total T: 354555 Episode Num: 676 Episode T: 119 Reward: 91.465
Total T: 354665 Episode Num: 677 Episode T: 110 Reward: 92.747
Total T: 354772 Episode Num: 678 Episode T: 107 Reward: 92.696
Total T: 354888 Episode Num: 679 Episode T: 116 Reward: 92.011
Total T: 354996 Episode Num: 680 Episode T: 108 Reward: 92.901
---------------------------------------
Evaluation over 10 episodes: 90.448
---------------------------------------
Total T: 355100 Episode Num: 681 Episode T: 104 Reward: 92.654
Total T: 355203 Episode Num: 682 Episode T: 103 Reward: 92.606
Total T: 355308 Episode Num: 683 Episode T: 105 Reward: 92.825
Total T: 355411 Episode Num: 684 Episode T: 103 Reward: 92.726
Total T: 355516 Episode Num: 685 Episode T: 105 Reward: 92.794
Total T: 355620 Episode Num: 686 Episode T: 104 Reward: 92.740
Total T: 355732 Episode Num: 687 Episode T: 112 Reward: 92.100
Total T: 355839 Episode Num: 688 Episode T: 107 Reward: 92.879
Total T: 356054 Episode Num: 689 Episode T: 215 Reward: 86.331
Total T: 356232 Episode Num: 690 Episode T: 178 Reward: 88.140
Total T: 356338 Episode Num: 691 Episode T: 106 Reward: 93.028
Total T: 356441 Episode Num: 692 Episode T: 103 Reward: 92.494
Total T: 356552 Episode Num: 693 Episode T: 111 Reward: 92.248
Total T: 356657 Episode Num: 694 Episode T: 105 Reward: 93.163
Total T: 356761 Episode Num: 695 Episode T: 104 Reward: 93.231
Total T: 356865 Episode Num: 696 Episode T: 104 Reward: 92.676
Total T: 356980 Episode Num: 697 Episode T: 115 Reward: 91.838
Total T: 357083 Episode Num: 698 Episode T: 103 Reward: 92.567
Total T: 357193 Episode Num: 699 Episode T: 110 Reward: 92.877
Total T: 357305 Episode Num: 700 Episode T: 112 Reward: 92.479
Total T: 357408 Episode Num: 701 Episode T: 103 Reward: 92.500
Total T: 357517 Episode Num: 702 Episode T: 109 Reward: 92.596
Total T: 357618 Episode Num: 703 Episode T: 101 Reward: 92.659
Total T: 357788 Episode Num: 704 Episode T: 170 Reward: 88.729
Total T: 357893 Episode Num: 705 Episode T: 105 Reward: 92.895
Total T: 358068 Episode Num: 706 Episode T: 175 Reward: 87.486
Total T: 358248 Episode Num: 707 Episode T: 180 Reward: 87.849
Total T: 358371 Episode Num: 708 Episode T: 123 Reward: 91.811
Total T: 358538 Episode Num: 709 Episode T: 167 Reward: 88.394
Total T: 358649 Episode Num: 710 Episode T: 111 Reward: 92.170
Total T: 358756 Episode Num: 711 Episode T: 107 Reward: 92.882
Total T: 358861 Episode Num: 712 Episode T: 105 Reward: 92.892
Total T: 358971 Episode Num: 713 Episode T: 110 Reward: 92.306
Total T: 359092 Episode Num: 714 Episode T: 121 Reward: 91.637
Total T: 359215 Episode Num: 715 Episode T: 123 Reward: 91.549
Total T: 359382 Episode Num: 716 Episode T: 167 Reward: 88.861
Total T: 359498 Episode Num: 717 Episode T: 116 Reward: 92.212
Total T: 359608 Episode Num: 718 Episode T: 110 Reward: 92.061
Total T: 359736 Episode Num: 719 Episode T: 128 Reward: 91.399
Total T: 359908 Episode Num: 720 Episode T: 172 Reward: 88.229
---------------------------------------
Evaluation over 10 episodes: 89.672
---------------------------------------
Total T: 360398 Episode Num: 721 Episode T: 490 Reward: 66.414
Total T: 360525 Episode Num: 722 Episode T: 127 Reward: 90.814
Total T: 360718 Episode Num: 723 Episode T: 193 Reward: 85.762
Total T: 361467 Episode Num: 724 Episode T: 749 Reward: 48.833
Total T: 362466 Episode Num: 725 Episode T: 999 Reward: -70.188
Total T: 362988 Episode Num: 726 Episode T: 522 Reward: 64.784
Total T: 363487 Episode Num: 727 Episode T: 499 Reward: 66.089
Total T: 363641 Episode Num: 728 Episode T: 154 Reward: 89.760
Total T: 363790 Episode Num: 729 Episode T: 149 Reward: 90.523
Total T: 363870 Episode Num: 730 Episode T: 80 Reward: 94.364
Total T: 363955 Episode Num: 731 Episode T: 85 Reward: 94.292
Total T: 364124 Episode Num: 732 Episode T: 169 Reward: 88.291
Total T: 364276 Episode Num: 733 Episode T: 152 Reward: 89.457
Total T: 364433 Episode Num: 734 Episode T: 157 Reward: 90.230
Total T: 364598 Episode Num: 735 Episode T: 165 Reward: 89.586
Total T: 364755 Episode Num: 736 Episode T: 157 Reward: 89.455
Total T: 364829 Episode Num: 737 Episode T: 74 Reward: 94.337
Total T: 364923 Episode Num: 738 Episode T: 94 Reward: 93.301
---------------------------------------
Evaluation over 10 episodes: 93.443
---------------------------------------
Total T: 365073 Episode Num: 739 Episode T: 150 Reward: 90.100
Total T: 365233 Episode Num: 740 Episode T: 160 Reward: 89.842
Total T: 365350 Episode Num: 741 Episode T: 117 Reward: 92.034
Total T: 365528 Episode Num: 742 Episode T: 178 Reward: 87.989
Total T: 365601 Episode Num: 743 Episode T: 73 Reward: 94.447
Total T: 365754 Episode Num: 744 Episode T: 153 Reward: 90.065
Total T: 365835 Episode Num: 745 Episode T: 81 Reward: 94.481
Total T: 365926 Episode Num: 746 Episode T: 91 Reward: 93.393
Total T: 366082 Episode Num: 747 Episode T: 156 Reward: 89.319
Total T: 366226 Episode Num: 748 Episode T: 144 Reward: 90.103
Total T: 366387 Episode Num: 749 Episode T: 161 Reward: 89.621
Total T: 366548 Episode Num: 750 Episode T: 161 Reward: 89.219
Total T: 366699 Episode Num: 751 Episode T: 151 Reward: 90.043
Total T: 366865 Episode Num: 752 Episode T: 166 Reward: 89.621
Total T: 366966 Episode Num: 753 Episode T: 101 Reward: 92.897
Total T: 367136 Episode Num: 754 Episode T: 170 Reward: 88.768
Total T: 367229 Episode Num: 755 Episode T: 93 Reward: 94.193
Total T: 367309 Episode Num: 756 Episode T: 80 Reward: 93.951
Total T: 367392 Episode Num: 757 Episode T: 83 Reward: 94.127
Total T: 367551 Episode Num: 758 Episode T: 159 Reward: 87.756
Total T: 367631 Episode Num: 759 Episode T: 80 Reward: 94.650
Total T: 367785 Episode Num: 760 Episode T: 154 Reward: 89.921
Total T: 367861 Episode Num: 761 Episode T: 76 Reward: 94.511
Total T: 367959 Episode Num: 762 Episode T: 98 Reward: 92.690
Total T: 368039 Episode Num: 763 Episode T: 80 Reward: 94.409
Total T: 368127 Episode Num: 764 Episode T: 88 Reward: 93.556
Total T: 368220 Episode Num: 765 Episode T: 93 Reward: 93.107
Total T: 368396 Episode Num: 766 Episode T: 176 Reward: 87.984
Total T: 368472 Episode Num: 767 Episode T: 76 Reward: 94.708
Total T: 368573 Episode Num: 768 Episode T: 101 Reward: 93.168
Total T: 368657 Episode Num: 769 Episode T: 84 Reward: 94.065
Total T: 368807 Episode Num: 770 Episode T: 150 Reward: 90.091
Total T: 368958 Episode Num: 771 Episode T: 151 Reward: 90.188
Total T: 369111 Episode Num: 772 Episode T: 153 Reward: 90.781
Total T: 369265 Episode Num: 773 Episode T: 154 Reward: 89.500
Total T: 369347 Episode Num: 774 Episode T: 82 Reward: 94.706
Total T: 369436 Episode Num: 775 Episode T: 89 Reward: 93.412
Total T: 369598 Episode Num: 776 Episode T: 162 Reward: 89.468
Total T: 369743 Episode Num: 777 Episode T: 145 Reward: 89.812
Total T: 369888 Episode Num: 778 Episode T: 145 Reward: 90.594
---------------------------------------
Evaluation over 10 episodes: 93.449
---------------------------------------
Total T: 370039 Episode Num: 779 Episode T: 151 Reward: 90.434
Total T: 370146 Episode Num: 780 Episode T: 107 Reward: 92.688
Total T: 370285 Episode Num: 781 Episode T: 139 Reward: 90.368
Total T: 370431 Episode Num: 782 Episode T: 146 Reward: 90.377
Total T: 370590 Episode Num: 783 Episode T: 159 Reward: 89.742
Total T: 370754 Episode Num: 784 Episode T: 164 Reward: 89.102
Total T: 370900 Episode Num: 785 Episode T: 146 Reward: 90.536
Total T: 370987 Episode Num: 786 Episode T: 87 Reward: 94.135
Total T: 371066 Episode Num: 787 Episode T: 79 Reward: 94.776
Total T: 371171 Episode Num: 788 Episode T: 105 Reward: 92.660
Total T: 371256 Episode Num: 789 Episode T: 85 Reward: 94.483
Total T: 371429 Episode Num: 790 Episode T: 173 Reward: 88.693
Total T: 371576 Episode Num: 791 Episode T: 147 Reward: 90.482
Total T: 371663 Episode Num: 792 Episode T: 87 Reward: 93.971
Total T: 371817 Episode Num: 793 Episode T: 154 Reward: 89.441
Total T: 371958 Episode Num: 794 Episode T: 141 Reward: 89.926
Total T: 372109 Episode Num: 795 Episode T: 151 Reward: 89.984
Total T: 372180 Episode Num: 796 Episode T: 71 Reward: 94.655
Total T: 372343 Episode Num: 797 Episode T: 163 Reward: 89.553
Total T: 372439 Episode Num: 798 Episode T: 96 Reward: 93.083
Total T: 372590 Episode Num: 799 Episode T: 151 Reward: 89.738
Total T: 372675 Episode Num: 800 Episode T: 85 Reward: 93.643
Total T: 372828 Episode Num: 801 Episode T: 153 Reward: 89.699
Total T: 372978 Episode Num: 802 Episode T: 150 Reward: 89.828
Total T: 373054 Episode Num: 803 Episode T: 76 Reward: 94.035
Total T: 373187 Episode Num: 804 Episode T: 133 Reward: 90.969
Total T: 373265 Episode Num: 805 Episode T: 78 Reward: 94.188
Total T: 373408 Episode Num: 806 Episode T: 143 Reward: 90.001
Total T: 373564 Episode Num: 807 Episode T: 156 Reward: 89.366
Total T: 373645 Episode Num: 808 Episode T: 81 Reward: 94.702
Total T: 373744 Episode Num: 809 Episode T: 99 Reward: 92.640
Total T: 373831 Episode Num: 810 Episode T: 87 Reward: 94.493
Total T: 373916 Episode Num: 811 Episode T: 85 Reward: 94.088
Total T: 374082 Episode Num: 812 Episode T: 166 Reward: 89.191
Total T: 374217 Episode Num: 813 Episode T: 135 Reward: 91.272
Total T: 374355 Episode Num: 814 Episode T: 138 Reward: 90.842
Total T: 374434 Episode Num: 815 Episode T: 79 Reward: 94.436
Total T: 374600 Episode Num: 816 Episode T: 166 Reward: 88.777
Total T: 374727 Episode Num: 817 Episode T: 127 Reward: 91.210
Total T: 374807 Episode Num: 818 Episode T: 80 Reward: 93.939
Total T: 374955 Episode Num: 819 Episode T: 148 Reward: 90.225
---------------------------------------
Evaluation over 10 episodes: 93.461
---------------------------------------
Total T: 375105 Episode Num: 820 Episode T: 150 Reward: 90.592
Total T: 375241 Episode Num: 821 Episode T: 136 Reward: 91.161
Total T: 375316 Episode Num: 822 Episode T: 75 Reward: 94.306
Total T: 375403 Episode Num: 823 Episode T: 87 Reward: 93.908
Total T: 375482 Episode Num: 824 Episode T: 79 Reward: 94.875
Total T: 375554 Episode Num: 825 Episode T: 72 Reward: 94.582
Total T: 375632 Episode Num: 826 Episode T: 78 Reward: 94.970
Total T: 375721 Episode Num: 827 Episode T: 89 Reward: 94.234
Total T: 375859 Episode Num: 828 Episode T: 138 Reward: 91.116
Total T: 375996 Episode Num: 829 Episode T: 137 Reward: 90.838
Total T: 376131 Episode Num: 830 Episode T: 135 Reward: 90.482
Total T: 376273 Episode Num: 831 Episode T: 142 Reward: 90.379
Total T: 376436 Episode Num: 832 Episode T: 163 Reward: 88.556
Total T: 376573 Episode Num: 833 Episode T: 137 Reward: 91.111
Total T: 376653 Episode Num: 834 Episode T: 80 Reward: 94.331
Total T: 376741 Episode Num: 835 Episode T: 88 Reward: 94.007
Total T: 376875 Episode Num: 836 Episode T: 134 Reward: 91.403
Total T: 377021 Episode Num: 837 Episode T: 146 Reward: 89.881
Total T: 377100 Episode Num: 838 Episode T: 79 Reward: 94.675
Total T: 377240 Episode Num: 839 Episode T: 140 Reward: 90.887
Total T: 377315 Episode Num: 840 Episode T: 75 Reward: 94.832
Total T: 377453 Episode Num: 841 Episode T: 138 Reward: 90.917
Total T: 377531 Episode Num: 842 Episode T: 78 Reward: 94.536
Total T: 377625 Episode Num: 843 Episode T: 94 Reward: 93.653
Total T: 377766 Episode Num: 844 Episode T: 141 Reward: 89.937
Total T: 377924 Episode Num: 845 Episode T: 158 Reward: 89.573
Total T: 378036 Episode Num: 846 Episode T: 112 Reward: 92.837
Total T: 378113 Episode Num: 847 Episode T: 77 Reward: 94.673
Total T: 378251 Episode Num: 848 Episode T: 138 Reward: 90.645
Total T: 378419 Episode Num: 849 Episode T: 168 Reward: 88.270
Total T: 378582 Episode Num: 850 Episode T: 163 Reward: 89.117
Total T: 378725 Episode Num: 851 Episode T: 143 Reward: 90.475
Total T: 378814 Episode Num: 852 Episode T: 89 Reward: 94.015
Total T: 378955 Episode Num: 853 Episode T: 141 Reward: 90.967
Total T: 379101 Episode Num: 854 Episode T: 146 Reward: 91.347
Total T: 379182 Episode Num: 855 Episode T: 81 Reward: 94.689
Total T: 379331 Episode Num: 856 Episode T: 149 Reward: 89.121
Total T: 379416 Episode Num: 857 Episode T: 85 Reward: 93.960
Total T: 379492 Episode Num: 858 Episode T: 76 Reward: 94.979
Total T: 379590 Episode Num: 859 Episode T: 98 Reward: 93.706
Total T: 379754 Episode Num: 860 Episode T: 164 Reward: 88.878
Total T: 379931 Episode Num: 861 Episode T: 177 Reward: 88.009
---------------------------------------
Evaluation over 10 episodes: 93.438
---------------------------------------
Total T: 380007 Episode Num: 862 Episode T: 76 Reward: 94.748
Total T: 380090 Episode Num: 863 Episode T: 83 Reward: 94.097
Total T: 380167 Episode Num: 864 Episode T: 77 Reward: 94.463
Total T: 380313 Episode Num: 865 Episode T: 146 Reward: 90.496
Total T: 380386 Episode Num: 866 Episode T: 73 Reward: 94.362
Total T: 380536 Episode Num: 867 Episode T: 150 Reward: 89.772
Total T: 380618 Episode Num: 868 Episode T: 82 Reward: 94.576
Total T: 380696 Episode Num: 869 Episode T: 78 Reward: 94.819
Total T: 380843 Episode Num: 870 Episode T: 147 Reward: 89.940
Total T: 380926 Episode Num: 871 Episode T: 83 Reward: 94.154
Total T: 381017 Episode Num: 872 Episode T: 91 Reward: 94.066
Total T: 381175 Episode Num: 873 Episode T: 158 Reward: 89.505
Total T: 381335 Episode Num: 874 Episode T: 160 Reward: 88.710
Total T: 381418 Episode Num: 875 Episode T: 83 Reward: 94.106
Total T: 381503 Episode Num: 876 Episode T: 85 Reward: 94.097
Total T: 381661 Episode Num: 877 Episode T: 158 Reward: 88.922
Total T: 381812 Episode Num: 878 Episode T: 151 Reward: 90.159
Total T: 381888 Episode Num: 879 Episode T: 76 Reward: 94.381
Total T: 382042 Episode Num: 880 Episode T: 154 Reward: 89.653
Total T: 382185 Episode Num: 881 Episode T: 143 Reward: 90.596
Total T: 382268 Episode Num: 882 Episode T: 83 Reward: 94.454
Total T: 382417 Episode Num: 883 Episode T: 149 Reward: 90.750
Total T: 382487 Episode Num: 884 Episode T: 70 Reward: 94.587
Total T: 382568 Episode Num: 885 Episode T: 81 Reward: 94.006
Total T: 382649 Episode Num: 886 Episode T: 81 Reward: 94.550
Total T: 382726 Episode Num: 887 Episode T: 77 Reward: 94.564
Total T: 382866 Episode Num: 888 Episode T: 140 Reward: 91.105
Total T: 383011 Episode Num: 889 Episode T: 145 Reward: 91.512
Total T: 383156 Episode Num: 890 Episode T: 145 Reward: 90.194
Total T: 383235 Episode Num: 891 Episode T: 79 Reward: 94.076
Total T: 383315 Episode Num: 892 Episode T: 80 Reward: 94.881
Total T: 383394 Episode Num: 893 Episode T: 79 Reward: 94.303
Total T: 383470 Episode Num: 894 Episode T: 76 Reward: 94.829
Total T: 383552 Episode Num: 895 Episode T: 82 Reward: 94.454
Total T: 383664 Episode Num: 896 Episode T: 112 Reward: 92.458
Total T: 383805 Episode Num: 897 Episode T: 141 Reward: 90.568
Total T: 383913 Episode Num: 898 Episode T: 108 Reward: 92.425
Total T: 384058 Episode Num: 899 Episode T: 145 Reward: 91.642
Total T: 384218 Episode Num: 900 Episode T: 160 Reward: 89.067
Total T: 384303 Episode Num: 901 Episode T: 85 Reward: 93.814
Total T: 384380 Episode Num: 902 Episode T: 77 Reward: 94.186
Total T: 384493 Episode Num: 903 Episode T: 113 Reward: 92.217
Total T: 384643 Episode Num: 904 Episode T: 150 Reward: 89.725
Total T: 384723 Episode Num: 905 Episode T: 80 Reward: 94.800
Total T: 384803 Episode Num: 906 Episode T: 80 Reward: 94.636
Total T: 384883 Episode Num: 907 Episode T: 80 Reward: 94.264
---------------------------------------
Evaluation over 10 episodes: 93.395
---------------------------------------
Total T: 385040 Episode Num: 908 Episode T: 157 Reward: 89.624
Total T: 385268 Episode Num: 909 Episode T: 228 Reward: 84.894
Total T: 385351 Episode Num: 910 Episode T: 83 Reward: 94.581
Total T: 385427 Episode Num: 911 Episode T: 76 Reward: 94.727
Total T: 385568 Episode Num: 912 Episode T: 141 Reward: 91.428
Total T: 385645 Episode Num: 913 Episode T: 77 Reward: 94.526
Total T: 385718 Episode Num: 914 Episode T: 73 Reward: 94.810
Total T: 385795 Episode Num: 915 Episode T: 77 Reward: 94.551
Total T: 385873 Episode Num: 916 Episode T: 78 Reward: 94.861
Total T: 386050 Episode Num: 917 Episode T: 177 Reward: 88.134
Total T: 386133 Episode Num: 918 Episode T: 83 Reward: 94.948
Total T: 386287 Episode Num: 919 Episode T: 154 Reward: 89.398
Total T: 386368 Episode Num: 920 Episode T: 81 Reward: 94.388
Total T: 386443 Episode Num: 921 Episode T: 75 Reward: 94.604
Total T: 386521 Episode Num: 922 Episode T: 78 Reward: 94.358
Total T: 386689 Episode Num: 923 Episode T: 168 Reward: 89.350
Total T: 386766 Episode Num: 924 Episode T: 77 Reward: 94.820
Total T: 386907 Episode Num: 925 Episode T: 141 Reward: 91.025
Total T: 387067 Episode Num: 926 Episode T: 160 Reward: 89.872
Total T: 387142 Episode Num: 927 Episode T: 75 Reward: 94.604
Total T: 387228 Episode Num: 928 Episode T: 86 Reward: 93.961
Total T: 387303 Episode Num: 929 Episode T: 75 Reward: 94.586
Total T: 387389 Episode Num: 930 Episode T: 86 Reward: 93.845
Total T: 387525 Episode Num: 931 Episode T: 136 Reward: 90.820
Total T: 387672 Episode Num: 932 Episode T: 147 Reward: 89.991
Total T: 387810 Episode Num: 933 Episode T: 138 Reward: 91.822
Total T: 387902 Episode Num: 934 Episode T: 92 Reward: 93.516
Total T: 388052 Episode Num: 935 Episode T: 150 Reward: 90.108
Total T: 388195 Episode Num: 936 Episode T: 143 Reward: 90.449
Total T: 388281 Episode Num: 937 Episode T: 86 Reward: 93.818
Total T: 388421 Episode Num: 938 Episode T: 140 Reward: 91.119
Total T: 388504 Episode Num: 939 Episode T: 83 Reward: 93.986
Total T: 388586 Episode Num: 940 Episode T: 82 Reward: 94.073
Total T: 388664 Episode Num: 941 Episode T: 78 Reward: 94.637
Total T: 388764 Episode Num: 942 Episode T: 100 Reward: 93.601
Total T: 388849 Episode Num: 943 Episode T: 85 Reward: 94.081
Total T: 388943 Episode Num: 944 Episode T: 94 Reward: 94.785
Total T: 389029 Episode Num: 945 Episode T: 86 Reward: 93.986
Total T: 389116 Episode Num: 946 Episode T: 87 Reward: 93.059
Total T: 389192 Episode Num: 947 Episode T: 76 Reward: 94.623
Total T: 389278 Episode Num: 948 Episode T: 86 Reward: 94.024
Total T: 389425 Episode Num: 949 Episode T: 147 Reward: 90.257
Total T: 389506 Episode Num: 950 Episode T: 81 Reward: 94.492
Total T: 389609 Episode Num: 951 Episode T: 103 Reward: 92.940
Total T: 389780 Episode Num: 952 Episode T: 171 Reward: 89.491
Total T: 389949 Episode Num: 953 Episode T: 169 Reward: 87.584
---------------------------------------
Evaluation over 10 episodes: 93.423
---------------------------------------
Total T: 390048 Episode Num: 954 Episode T: 99 Reward: 92.852
Total T: 390199 Episode Num: 955 Episode T: 151 Reward: 89.664
Total T: 390366 Episode Num: 956 Episode T: 167 Reward: 88.131
Total T: 390533 Episode Num: 957 Episode T: 167 Reward: 89.204
Total T: 390729 Episode Num: 958 Episode T: 196 Reward: 88.078
Total T: 390813 Episode Num: 959 Episode T: 84 Reward: 94.117
Total T: 390892 Episode Num: 960 Episode T: 79 Reward: 94.887
Total T: 390974 Episode Num: 961 Episode T: 82 Reward: 94.017
Total T: 391060 Episode Num: 962 Episode T: 86 Reward: 93.871
Total T: 391218 Episode Num: 963 Episode T: 158 Reward: 89.822
Total T: 391362 Episode Num: 964 Episode T: 144 Reward: 90.686
Total T: 391440 Episode Num: 965 Episode T: 78 Reward: 94.363
Total T: 391520 Episode Num: 966 Episode T: 80 Reward: 94.642
Total T: 391597 Episode Num: 967 Episode T: 77 Reward: 93.913
Total T: 391744 Episode Num: 968 Episode T: 147 Reward: 90.562
Total T: 391888 Episode Num: 969 Episode T: 144 Reward: 90.272
Total T: 392029 Episode Num: 970 Episode T: 141 Reward: 89.689
Total T: 392114 Episode Num: 971 Episode T: 85 Reward: 93.828
Total T: 392206 Episode Num: 972 Episode T: 92 Reward: 93.356
Total T: 392369 Episode Num: 973 Episode T: 163 Reward: 88.682
Total T: 392446 Episode Num: 974 Episode T: 77 Reward: 94.806
Total T: 392524 Episode Num: 975 Episode T: 78 Reward: 94.768
Total T: 392611 Episode Num: 976 Episode T: 87 Reward: 93.910
Total T: 392767 Episode Num: 977 Episode T: 156 Reward: 89.908
Total T: 392910 Episode Num: 978 Episode T: 143 Reward: 89.927
Total T: 392981 Episode Num: 979 Episode T: 71 Reward: 94.324
Total T: 393070 Episode Num: 980 Episode T: 89 Reward: 93.184
Total T: 393146 Episode Num: 981 Episode T: 76 Reward: 94.355
Total T: 393220 Episode Num: 982 Episode T: 74 Reward: 94.785
Total T: 393358 Episode Num: 983 Episode T: 138 Reward: 90.752
Total T: 393525 Episode Num: 984 Episode T: 167 Reward: 87.327
Total T: 393673 Episode Num: 985 Episode T: 148 Reward: 90.246
Total T: 393819 Episode Num: 986 Episode T: 146 Reward: 90.112
Total T: 393901 Episode Num: 987 Episode T: 82 Reward: 94.072
Total T: 393990 Episode Num: 988 Episode T: 89 Reward: 94.384
Total T: 394083 Episode Num: 989 Episode T: 93 Reward: 93.828
Total T: 394223 Episode Num: 990 Episode T: 140 Reward: 90.071
Total T: 394313 Episode Num: 991 Episode T: 90 Reward: 93.675
Total T: 394458 Episode Num: 992 Episode T: 145 Reward: 90.087
Total T: 394536 Episode Num: 993 Episode T: 78 Reward: 94.380
Total T: 394670 Episode Num: 994 Episode T: 134 Reward: 90.849
Total T: 394812 Episode Num: 995 Episode T: 142 Reward: 90.689
Total T: 394898 Episode Num: 996 Episode T: 86 Reward: 94.171
Total T: 394973 Episode Num: 997 Episode T: 75 Reward: 95.073
---------------------------------------
Evaluation over 10 episodes: 93.428
---------------------------------------
Total T: 395054 Episode Num: 998 Episode T: 81 Reward: 94.741
Total T: 395135 Episode Num: 999 Episode T: 81 Reward: 94.689
Total T: 395210 Episode Num: 1000 Episode T: 75 Reward: 94.722
Total T: 395353 Episode Num: 1001 Episode T: 143 Reward: 90.324
Total T: 395491 Episode Num: 1002 Episode T: 138 Reward: 90.369
Total T: 395637 Episode Num: 1003 Episode T: 146 Reward: 89.948
Total T: 395730 Episode Num: 1004 Episode T: 93 Reward: 93.735
Total T: 395879 Episode Num: 1005 Episode T: 149 Reward: 89.778
Total T: 395959 Episode Num: 1006 Episode T: 80 Reward: 94.623
Total T: 396044 Episode Num: 1007 Episode T: 85 Reward: 94.251
Total T: 396124 Episode Num: 1008 Episode T: 80 Reward: 94.837
Total T: 396201 Episode Num: 1009 Episode T: 77 Reward: 94.430
Total T: 396283 Episode Num: 1010 Episode T: 82 Reward: 94.381
Total T: 396369 Episode Num: 1011 Episode T: 86 Reward: 94.287
Total T: 396449 Episode Num: 1012 Episode T: 80 Reward: 94.822
Total T: 396596 Episode Num: 1013 Episode T: 147 Reward: 91.431
Total T: 396674 Episode Num: 1014 Episode T: 78 Reward: 94.928
Total T: 396820 Episode Num: 1015 Episode T: 146 Reward: 90.313
Total T: 396916 Episode Num: 1016 Episode T: 96 Reward: 93.390
Total T: 396988 Episode Num: 1017 Episode T: 72 Reward: 94.218
Total T: 397147 Episode Num: 1018 Episode T: 159 Reward: 89.295
Total T: 397297 Episode Num: 1019 Episode T: 150 Reward: 90.229
Total T: 397488 Episode Num: 1020 Episode T: 191 Reward: 87.443
Total T: 397565 Episode Num: 1021 Episode T: 77 Reward: 94.526
Total T: 397713 Episode Num: 1022 Episode T: 148 Reward: 89.328
Total T: 397800 Episode Num: 1023 Episode T: 87 Reward: 94.013
Total T: 397937 Episode Num: 1024 Episode T: 137 Reward: 91.362
Total T: 398041 Episode Num: 1025 Episode T: 104 Reward: 93.435
Total T: 398119 Episode Num: 1026 Episode T: 78 Reward: 94.618
Total T: 398269 Episode Num: 1027 Episode T: 150 Reward: 90.419
Total T: 398418 Episode Num: 1028 Episode T: 149 Reward: 89.461
Total T: 398492 Episode Num: 1029 Episode T: 74 Reward: 94.562
Total T: 398640 Episode Num: 1030 Episode T: 148 Reward: 90.484
Total T: 398803 Episode Num: 1031 Episode T: 163 Reward: 89.487
Total T: 398882 Episode Num: 1032 Episode T: 79 Reward: 94.430
Total T: 399032 Episode Num: 1033 Episode T: 150 Reward: 90.098
Total T: 399169 Episode Num: 1034 Episode T: 137 Reward: 91.002
Total T: 399313 Episode Num: 1035 Episode T: 144 Reward: 90.965
Total T: 399471 Episode Num: 1036 Episode T: 158 Reward: 88.751
Total T: 399576 Episode Num: 1037 Episode T: 105 Reward: 93.061
Total T: 399715 Episode Num: 1038 Episode T: 139 Reward: 90.597
Total T: 399859 Episode Num: 1039 Episode T: 144 Reward: 90.597
---------------------------------------
Evaluation over 10 episodes: 93.417
---------------------------------------
Total T: 400018 Episode Num: 1040 Episode T: 159 Reward: 89.524
Total T: 400098 Episode Num: 1041 Episode T: 80 Reward: 94.309
Total T: 400252 Episode Num: 1042 Episode T: 154 Reward: 89.579
Total T: 400337 Episode Num: 1043 Episode T: 85 Reward: 94.018
Total T: 400423 Episode Num: 1044 Episode T: 86 Reward: 94.451
Total T: 400501 Episode Num: 1045 Episode T: 78 Reward: 94.722
Total T: 400579 Episode Num: 1046 Episode T: 78 Reward: 94.936
Total T: 400656 Episode Num: 1047 Episode T: 77 Reward: 94.768
Total T: 400729 Episode Num: 1048 Episode T: 73 Reward: 94.785
Total T: 400876 Episode Num: 1049 Episode T: 147 Reward: 90.596
Total T: 400947 Episode Num: 1050 Episode T: 71 Reward: 94.521
Total T: 401022 Episode Num: 1051 Episode T: 75 Reward: 94.946
Total T: 401159 Episode Num: 1052 Episode T: 137 Reward: 90.461
Total T: 401297 Episode Num: 1053 Episode T: 138 Reward: 90.174
Total T: 401373 Episode Num: 1054 Episode T: 76 Reward: 94.298
Total T: 401527 Episode Num: 1055 Episode T: 154 Reward: 89.884
Total T: 401666 Episode Num: 1056 Episode T: 139 Reward: 90.683
Total T: 401749 Episode Num: 1057 Episode T: 83 Reward: 94.294
Total T: 401900 Episode Num: 1058 Episode T: 151 Reward: 89.802
Total T: 402045 Episode Num: 1059 Episode T: 145 Reward: 90.723
Total T: 402187 Episode Num: 1060 Episode T: 142 Reward: 90.390
Total T: 402278 Episode Num: 1061 Episode T: 91 Reward: 93.636
Total T: 402427 Episode Num: 1062 Episode T: 149 Reward: 90.427
Total T: 402509 Episode Num: 1063 Episode T: 82 Reward: 94.286
Total T: 402592 Episode Num: 1064 Episode T: 83 Reward: 94.212
Total T: 402747 Episode Num: 1065 Episode T: 155 Reward: 89.591
Total T: 402888 Episode Num: 1066 Episode T: 141 Reward: 90.679
Total T: 402974 Episode Num: 1067 Episode T: 86 Reward: 94.217
Total T: 403143 Episode Num: 1068 Episode T: 169 Reward: 88.640
Total T: 403227 Episode Num: 1069 Episode T: 84 Reward: 93.858
Total T: 403320 Episode Num: 1070 Episode T: 93 Reward: 93.669
Total T: 403401 Episode Num: 1071 Episode T: 81 Reward: 93.489
Total T: 403475 Episode Num: 1072 Episode T: 74 Reward: 94.472
Total T: 403547 Episode Num: 1073 Episode T: 72 Reward: 94.277
Total T: 403630 Episode Num: 1074 Episode T: 83 Reward: 94.734
Total T: 403771 Episode Num: 1075 Episode T: 141 Reward: 90.477
Total T: 403917 Episode Num: 1076 Episode T: 146 Reward: 90.566
Total T: 404052 Episode Num: 1077 Episode T: 135 Reward: 91.071
Total T: 404197 Episode Num: 1078 Episode T: 145 Reward: 90.467
Total T: 404296 Episode Num: 1079 Episode T: 99 Reward: 93.094
Total T: 404377 Episode Num: 1080 Episode T: 81 Reward: 93.901
Total T: 404457 Episode Num: 1081 Episode T: 80 Reward: 94.679
Total T: 404594 Episode Num: 1082 Episode T: 137 Reward: 90.591
Total T: 404667 Episode Num: 1083 Episode T: 73 Reward: 94.584
Total T: 404828 Episode Num: 1084 Episode T: 161 Reward: 89.004
Total T: 404904 Episode Num: 1085 Episode T: 76 Reward: 94.717
Total T: 404981 Episode Num: 1086 Episode T: 77 Reward: 94.441
---------------------------------------
Evaluation over 10 episodes: 93.434
---------------------------------------
Total T: 405116 Episode Num: 1087 Episode T: 135 Reward: 91.423
Total T: 405266 Episode Num: 1088 Episode T: 150 Reward: 89.544
Total T: 405351 Episode Num: 1089 Episode T: 85 Reward: 94.580
Total T: 405492 Episode Num: 1090 Episode T: 141 Reward: 90.341
Total T: 405572 Episode Num: 1091 Episode T: 80 Reward: 94.657
Total T: 405649 Episode Num: 1092 Episode T: 77 Reward: 94.773
Total T: 405741 Episode Num: 1093 Episode T: 92 Reward: 93.830
Total T: 405891 Episode Num: 1094 Episode T: 150 Reward: 90.888
Total T: 405979 Episode Num: 1095 Episode T: 88 Reward: 94.154
Total T: 406060 Episode Num: 1096 Episode T: 81 Reward: 94.691
Total T: 406206 Episode Num: 1097 Episode T: 146 Reward: 89.847
Total T: 406348 Episode Num: 1098 Episode T: 142 Reward: 90.661
Total T: 406457 Episode Num: 1099 Episode T: 109 Reward: 93.191
Total T: 406624 Episode Num: 1100 Episode T: 167 Reward: 88.035
Total T: 406763 Episode Num: 1101 Episode T: 139 Reward: 90.890
Total T: 406851 Episode Num: 1102 Episode T: 88 Reward: 94.213
Total T: 406938 Episode Num: 1103 Episode T: 87 Reward: 94.105
Total T: 407022 Episode Num: 1104 Episode T: 84 Reward: 93.850
Total T: 407098 Episode Num: 1105 Episode T: 76 Reward: 94.571
Total T: 407272 Episode Num: 1106 Episode T: 174 Reward: 88.440
Total T: 407353 Episode Num: 1107 Episode T: 81 Reward: 94.734
Total T: 407490 Episode Num: 1108 Episode T: 137 Reward: 91.078
Total T: 407572 Episode Num: 1109 Episode T: 82 Reward: 95.023
Total T: 407649 Episode Num: 1110 Episode T: 77 Reward: 94.240
Total T: 407725 Episode Num: 1111 Episode T: 76 Reward: 94.625
Total T: 407808 Episode Num: 1112 Episode T: 83 Reward: 94.313
Total T: 407899 Episode Num: 1113 Episode T: 91 Reward: 94.042
Total T: 407989 Episode Num: 1114 Episode T: 90 Reward: 93.690
Total T: 408070 Episode Num: 1115 Episode T: 81 Reward: 94.392
Total T: 408212 Episode Num: 1116 Episode T: 142 Reward: 90.846
Total T: 408296 Episode Num: 1117 Episode T: 84 Reward: 94.400
Total T: 408370 Episode Num: 1118 Episode T: 74 Reward: 94.882
Total T: 408445 Episode Num: 1119 Episode T: 75 Reward: 94.270
Total T: 408585 Episode Num: 1120 Episode T: 140 Reward: 90.397
Total T: 408660 Episode Num: 1121 Episode T: 75 Reward: 94.311
Total T: 408741 Episode Num: 1122 Episode T: 81 Reward: 94.325
Total T: 408846 Episode Num: 1123 Episode T: 105 Reward: 92.598
Total T: 408937 Episode Num: 1124 Episode T: 91 Reward: 93.603
Total T: 409028 Episode Num: 1125 Episode T: 91 Reward: 93.519
Total T: 409122 Episode Num: 1126 Episode T: 94 Reward: 93.338
Total T: 409197 Episode Num: 1127 Episode T: 75 Reward: 94.774
Total T: 409272 Episode Num: 1128 Episode T: 75 Reward: 94.464
Total T: 409423 Episode Num: 1129 Episode T: 151 Reward: 90.001
Total T: 409503 Episode Num: 1130 Episode T: 80 Reward: 94.643
Total T: 409605 Episode Num: 1131 Episode T: 102 Reward: 93.656
Total T: 409682 Episode Num: 1132 Episode T: 77 Reward: 94.765
Total T: 409777 Episode Num: 1133 Episode T: 95 Reward: 93.255
Total T: 409869 Episode Num: 1134 Episode T: 92 Reward: 94.036
Total T: 409949 Episode Num: 1135 Episode T: 80 Reward: 94.474
---------------------------------------
Evaluation over 10 episodes: 93.431
---------------------------------------
Total T: 410105 Episode Num: 1136 Episode T: 156 Reward: 89.665
Total T: 410185 Episode Num: 1137 Episode T: 80 Reward: 93.830
Total T: 410260 Episode Num: 1138 Episode T: 75 Reward: 94.645
Total T: 410411 Episode Num: 1139 Episode T: 151 Reward: 89.888
Total T: 410576 Episode Num: 1140 Episode T: 165 Reward: 88.901
Total T: 410722 Episode Num: 1141 Episode T: 146 Reward: 90.874
Total T: 410861 Episode Num: 1142 Episode T: 139 Reward: 90.956
Total T: 410958 Episode Num: 1143 Episode T: 97 Reward: 93.418
Total T: 411049 Episode Num: 1144 Episode T: 91 Reward: 93.810
Total T: 411136 Episode Num: 1145 Episode T: 87 Reward: 94.586
Total T: 411227 Episode Num: 1146 Episode T: 91 Reward: 93.665
Total T: 411307 Episode Num: 1147 Episode T: 80 Reward: 94.676
Total T: 411394 Episode Num: 1148 Episode T: 87 Reward: 94.064
Total T: 411545 Episode Num: 1149 Episode T: 151 Reward: 90.182
Total T: 411712 Episode Num: 1150 Episode T: 167 Reward: 88.800
Total T: 411857 Episode Num: 1151 Episode T: 145 Reward: 90.377
Total T: 411960 Episode Num: 1152 Episode T: 103 Reward: 93.247
Total T: 412048 Episode Num: 1153 Episode T: 88 Reward: 93.985
Total T: 412122 Episode Num: 1154 Episode T: 74 Reward: 94.395
Total T: 412260 Episode Num: 1155 Episode T: 138 Reward: 91.387
Total T: 412410 Episode Num: 1156 Episode T: 150 Reward: 90.397
Total T: 412488 Episode Num: 1157 Episode T: 78 Reward: 94.389
Total T: 412578 Episode Num: 1158 Episode T: 90 Reward: 94.158
Total T: 412731 Episode Num: 1159 Episode T: 153 Reward: 90.217
Total T: 412871 Episode Num: 1160 Episode T: 140 Reward: 90.573
Total T: 412949 Episode Num: 1161 Episode T: 78 Reward: 94.800
Total T: 413029 Episode Num: 1162 Episode T: 80 Reward: 94.385
Total T: 413125 Episode Num: 1163 Episode T: 96 Reward: 93.284
Total T: 413204 Episode Num: 1164 Episode T: 79 Reward: 94.409
Total T: 413282 Episode Num: 1165 Episode T: 78 Reward: 94.255
Total T: 413359 Episode Num: 1166 Episode T: 77 Reward: 94.380
Total T: 413501 Episode Num: 1167 Episode T: 142 Reward: 90.457
Total T: 413575 Episode Num: 1168 Episode T: 74 Reward: 94.861
Total T: 413651 Episode Num: 1169 Episode T: 76 Reward: 94.315
Total T: 413723 Episode Num: 1170 Episode T: 72 Reward: 94.834
Total T: 413803 Episode Num: 1171 Episode T: 80 Reward: 95.010
Total T: 413946 Episode Num: 1172 Episode T: 143 Reward: 89.796
Total T: 414091 Episode Num: 1173 Episode T: 145 Reward: 90.434
Total T: 414232 Episode Num: 1174 Episode T: 141 Reward: 91.207
Total T: 414383 Episode Num: 1175 Episode T: 151 Reward: 89.677
Total T: 414535 Episode Num: 1176 Episode T: 152 Reward: 89.895
Total T: 414609 Episode Num: 1177 Episode T: 74 Reward: 94.529
Total T: 414748 Episode Num: 1178 Episode T: 139 Reward: 91.148
Total T: 414889 Episode Num: 1179 Episode T: 141 Reward: 91.153
Total T: 414989 Episode Num: 1180 Episode T: 100 Reward: 92.988
---------------------------------------
Evaluation over 10 episodes: 93.432
---------------------------------------
Total T: 415068 Episode Num: 1181 Episode T: 79 Reward: 94.458
Total T: 415208 Episode Num: 1182 Episode T: 140 Reward: 90.268
Total T: 415360 Episode Num: 1183 Episode T: 152 Reward: 89.117
Total T: 415439 Episode Num: 1184 Episode T: 79 Reward: 94.990
Total T: 415516 Episode Num: 1185 Episode T: 77 Reward: 94.803
Total T: 415593 Episode Num: 1186 Episode T: 77 Reward: 94.343
Total T: 415734 Episode Num: 1187 Episode T: 141 Reward: 90.436
Total T: 415811 Episode Num: 1188 Episode T: 77 Reward: 94.390
Total T: 415973 Episode Num: 1189 Episode T: 162 Reward: 89.126
Total T: 416056 Episode Num: 1190 Episode T: 83 Reward: 94.244
Total T: 416141 Episode Num: 1191 Episode T: 85 Reward: 94.543
Total T: 416225 Episode Num: 1192 Episode T: 84 Reward: 94.200
Total T: 416388 Episode Num: 1193 Episode T: 163 Reward: 89.168
Total T: 416542 Episode Num: 1194 Episode T: 154 Reward: 90.431
Total T: 416686 Episode Num: 1195 Episode T: 144 Reward: 90.920
Total T: 416762 Episode Num: 1196 Episode T: 76 Reward: 94.687
Total T: 416911 Episode Num: 1197 Episode T: 149 Reward: 90.084
Total T: 417060 Episode Num: 1198 Episode T: 149 Reward: 90.604
Total T: 417145 Episode Num: 1199 Episode T: 85 Reward: 94.394
Total T: 417227 Episode Num: 1200 Episode T: 82 Reward: 94.589
Total T: 417324 Episode Num: 1201 Episode T: 97 Reward: 93.083
Total T: 417474 Episode Num: 1202 Episode T: 150 Reward: 89.483
Total T: 417548 Episode Num: 1203 Episode T: 74 Reward: 94.742
Total T: 417691 Episode Num: 1204 Episode T: 143 Reward: 90.244
Total T: 417780 Episode Num: 1205 Episode T: 89 Reward: 93.904
Total T: 417916 Episode Num: 1206 Episode T: 136 Reward: 90.971
Total T: 417998 Episode Num: 1207 Episode T: 82 Reward: 93.937
Total T: 418072 Episode Num: 1208 Episode T: 74 Reward: 94.707
Total T: 418152 Episode Num: 1209 Episode T: 80 Reward: 94.272
Total T: 418233 Episode Num: 1210 Episode T: 81 Reward: 94.162
Total T: 418405 Episode Num: 1211 Episode T: 172 Reward: 88.467
Total T: 418555 Episode Num: 1212 Episode T: 150 Reward: 89.190
Total T: 418654 Episode Num: 1213 Episode T: 99 Reward: 92.582
Total T: 418728 Episode Num: 1214 Episode T: 74 Reward: 95.051
Total T: 418887 Episode Num: 1215 Episode T: 159 Reward: 88.749
Total T: 418968 Episode Num: 1216 Episode T: 81 Reward: 94.515
Total T: 419105 Episode Num: 1217 Episode T: 137 Reward: 91.462
Total T: 419261 Episode Num: 1218 Episode T: 156 Reward: 89.988
Total T: 419398 Episode Num: 1219 Episode T: 137 Reward: 91.227
Total T: 419539 Episode Num: 1220 Episode T: 141 Reward: 90.764
Total T: 419653 Episode Num: 1221 Episode T: 114 Reward: 92.860
Total T: 419742 Episode Num: 1222 Episode T: 89 Reward: 93.262
Total T: 419817 Episode Num: 1223 Episode T: 75 Reward: 94.543
Total T: 419900 Episode Num: 1224 Episode T: 83 Reward: 94.181
---------------------------------------
Evaluation over 10 episodes: 93.416
---------------------------------------
Total T: 420043 Episode Num: 1225 Episode T: 143 Reward: 90.267
Total T: 420184 Episode Num: 1226 Episode T: 141 Reward: 90.803
Total T: 420322 Episode Num: 1227 Episode T: 138 Reward: 91.418
Total T: 420411 Episode Num: 1228 Episode T: 89 Reward: 93.578
Total T: 420497 Episode Num: 1229 Episode T: 86 Reward: 93.661
Total T: 420579 Episode Num: 1230 Episode T: 82 Reward: 94.292
Total T: 420717 Episode Num: 1231 Episode T: 138 Reward: 91.273
Total T: 420855 Episode Num: 1232 Episode T: 138 Reward: 91.462
Total T: 420929 Episode Num: 1233 Episode T: 74 Reward: 94.766
Total T: 421012 Episode Num: 1234 Episode T: 83 Reward: 94.455
Total T: 421145 Episode Num: 1235 Episode T: 133 Reward: 90.818
Total T: 421302 Episode Num: 1236 Episode T: 157 Reward: 89.377
Total T: 421387 Episode Num: 1237 Episode T: 85 Reward: 94.221
Total T: 421523 Episode Num: 1238 Episode T: 136 Reward: 91.067
Total T: 421657 Episode Num: 1239 Episode T: 134 Reward: 90.890
Total T: 421743 Episode Num: 1240 Episode T: 86 Reward: 94.323
Total T: 421818 Episode Num: 1241 Episode T: 75 Reward: 94.490
Total T: 421897 Episode Num: 1242 Episode T: 79 Reward: 94.098
Total T: 422040 Episode Num: 1243 Episode T: 143 Reward: 90.253
Total T: 422178 Episode Num: 1244 Episode T: 138 Reward: 91.304
Total T: 422272 Episode Num: 1245 Episode T: 94 Reward: 92.964
Total T: 422429 Episode Num: 1246 Episode T: 157 Reward: 89.465
Total T: 422513 Episode Num: 1247 Episode T: 84 Reward: 94.303
Total T: 422654 Episode Num: 1248 Episode T: 141 Reward: 91.102
Total T: 422730 Episode Num: 1249 Episode T: 76 Reward: 94.971
Total T: 422912 Episode Num: 1250 Episode T: 182 Reward: 87.704
Total T: 423050 Episode Num: 1251 Episode T: 138 Reward: 91.194
Total T: 423201 Episode Num: 1252 Episode T: 151 Reward: 89.919
Total T: 423286 Episode Num: 1253 Episode T: 85 Reward: 94.404
Total T: 423381 Episode Num: 1254 Episode T: 95 Reward: 94.182
Total T: 423535 Episode Num: 1255 Episode T: 154 Reward: 89.651
Total T: 423691 Episode Num: 1256 Episode T: 156 Reward: 89.884
Total T: 423838 Episode Num: 1257 Episode T: 147 Reward: 90.068
Total T: 423917 Episode Num: 1258 Episode T: 79 Reward: 94.155
Total T: 424005 Episode Num: 1259 Episode T: 88 Reward: 93.860
Total T: 424148 Episode Num: 1260 Episode T: 143 Reward: 90.626
Total T: 424291 Episode Num: 1261 Episode T: 143 Reward: 90.488
Total T: 424510 Episode Num: 1262 Episode T: 219 Reward: 85.406
Total T: 424588 Episode Num: 1263 Episode T: 78 Reward: 94.746
Total T: 424665 Episode Num: 1264 Episode T: 77 Reward: 94.733
Total T: 424832 Episode Num: 1265 Episode T: 167 Reward: 88.600
Total T: 424917 Episode Num: 1266 Episode T: 85 Reward: 94.275
---------------------------------------
Evaluation over 10 episodes: 93.420
---------------------------------------
Total T: 425011 Episode Num: 1267 Episode T: 94 Reward: 92.909
Total T: 425093 Episode Num: 1268 Episode T: 82 Reward: 93.874
Total T: 425180 Episode Num: 1269 Episode T: 87 Reward: 94.202
Total T: 425256 Episode Num: 1270 Episode T: 76 Reward: 94.389
Total T: 425364 Episode Num: 1271 Episode T: 108 Reward: 93.141
Total T: 425503 Episode Num: 1272 Episode T: 139 Reward: 90.486
Total T: 425582 Episode Num: 1273 Episode T: 79 Reward: 94.920
Total T: 425668 Episode Num: 1274 Episode T: 86 Reward: 93.472
Total T: 425748 Episode Num: 1275 Episode T: 80 Reward: 94.423
Total T: 425826 Episode Num: 1276 Episode T: 78 Reward: 94.661
Total T: 425984 Episode Num: 1277 Episode T: 158 Reward: 89.031
Total T: 426137 Episode Num: 1278 Episode T: 153 Reward: 89.386
Total T: 426221 Episode Num: 1279 Episode T: 84 Reward: 94.304
Total T: 426294 Episode Num: 1280 Episode T: 73 Reward: 95.309
Total T: 426392 Episode Num: 1281 Episode T: 98 Reward: 93.335
Total T: 426474 Episode Num: 1282 Episode T: 82 Reward: 93.977
Total T: 426555 Episode Num: 1283 Episode T: 81 Reward: 93.950
Total T: 426698 Episode Num: 1284 Episode T: 143 Reward: 90.752
Total T: 426837 Episode Num: 1285 Episode T: 139 Reward: 90.447
Total T: 427000 Episode Num: 1286 Episode T: 163 Reward: 88.277
Total T: 427144 Episode Num: 1287 Episode T: 144 Reward: 90.377
Total T: 427222 Episode Num: 1288 Episode T: 78 Reward: 94.555
Total T: 427361 Episode Num: 1289 Episode T: 139 Reward: 91.434
Total T: 427439 Episode Num: 1290 Episode T: 78 Reward: 93.730
Total T: 427582 Episode Num: 1291 Episode T: 143 Reward: 90.804
Total T: 427672 Episode Num: 1292 Episode T: 90 Reward: 93.748
Total T: 427815 Episode Num: 1293 Episode T: 143 Reward: 89.945
Total T: 427912 Episode Num: 1294 Episode T: 97 Reward: 93.395
Total T: 427992 Episode Num: 1295 Episode T: 80 Reward: 94.636
Total T: 428072 Episode Num: 1296 Episode T: 80 Reward: 94.452
Total T: 428253 Episode Num: 1297 Episode T: 181 Reward: 87.947
Total T: 428356 Episode Num: 1298 Episode T: 103 Reward: 92.234
Total T: 428439 Episode Num: 1299 Episode T: 83 Reward: 94.343
Total T: 428514 Episode Num: 1300 Episode T: 75 Reward: 94.753
Total T: 428654 Episode Num: 1301 Episode T: 140 Reward: 90.678
Total T: 428740 Episode Num: 1302 Episode T: 86 Reward: 94.275
Total T: 428896 Episode Num: 1303 Episode T: 156 Reward: 89.926
Total T: 429037 Episode Num: 1304 Episode T: 141 Reward: 91.324
Total T: 429117 Episode Num: 1305 Episode T: 80 Reward: 94.805
Total T: 429271 Episode Num: 1306 Episode T: 154 Reward: 90.277
Total T: 429422 Episode Num: 1307 Episode T: 151 Reward: 89.696
Total T: 429561 Episode Num: 1308 Episode T: 139 Reward: 90.432
Total T: 429705 Episode Num: 1309 Episode T: 144 Reward: 90.438
Total T: 429847 Episode Num: 1310 Episode T: 142 Reward: 90.288
Total T: 429922 Episode Num: 1311 Episode T: 75 Reward: 94.376
---------------------------------------
Evaluation over 10 episodes: 93.419
---------------------------------------
Total T: 430007 Episode Num: 1312 Episode T: 85 Reward: 94.458
Total T: 430082 Episode Num: 1313 Episode T: 75 Reward: 94.814
Total T: 430165 Episode Num: 1314 Episode T: 83 Reward: 94.542
Total T: 430244 Episode Num: 1315 Episode T: 79 Reward: 94.531
Total T: 430317 Episode Num: 1316 Episode T: 73 Reward: 94.377
Total T: 430472 Episode Num: 1317 Episode T: 155 Reward: 89.463
Total T: 430622 Episode Num: 1318 Episode T: 150 Reward: 89.810
Total T: 430711 Episode Num: 1319 Episode T: 89 Reward: 93.661
Total T: 430796 Episode Num: 1320 Episode T: 85 Reward: 93.935
Total T: 430935 Episode Num: 1321 Episode T: 139 Reward: 90.725
Total T: 431082 Episode Num: 1322 Episode T: 147 Reward: 90.395
Total T: 431161 Episode Num: 1323 Episode T: 79 Reward: 94.662
Total T: 431309 Episode Num: 1324 Episode T: 148 Reward: 90.689
Total T: 431452 Episode Num: 1325 Episode T: 143 Reward: 90.772
Total T: 431596 Episode Num: 1326 Episode T: 144 Reward: 90.448
Total T: 431731 Episode Num: 1327 Episode T: 135 Reward: 91.364
Total T: 431815 Episode Num: 1328 Episode T: 84 Reward: 94.283
Total T: 431958 Episode Num: 1329 Episode T: 143 Reward: 90.154
Total T: 432108 Episode Num: 1330 Episode T: 150 Reward: 90.032
Total T: 432193 Episode Num: 1331 Episode T: 85 Reward: 93.919
Total T: 432268 Episode Num: 1332 Episode T: 75 Reward: 95.027
Total T: 432354 Episode Num: 1333 Episode T: 86 Reward: 94.468
Total T: 432436 Episode Num: 1334 Episode T: 82 Reward: 94.616
Total T: 432584 Episode Num: 1335 Episode T: 148 Reward: 91.734
Total T: 432668 Episode Num: 1336 Episode T: 84 Reward: 94.660
Total T: 432802 Episode Num: 1337 Episode T: 134 Reward: 90.810
Total T: 432944 Episode Num: 1338 Episode T: 142 Reward: 90.737
Total T: 433025 Episode Num: 1339 Episode T: 81 Reward: 94.588
Total T: 433170 Episode Num: 1340 Episode T: 145 Reward: 90.896
Total T: 433320 Episode Num: 1341 Episode T: 150 Reward: 90.302
Total T: 433402 Episode Num: 1342 Episode T: 82 Reward: 94.461
Total T: 433477 Episode Num: 1343 Episode T: 75 Reward: 94.644
Total T: 433609 Episode Num: 1344 Episode T: 132 Reward: 91.034
Total T: 433752 Episode Num: 1345 Episode T: 143 Reward: 90.628
Total T: 433835 Episode Num: 1346 Episode T: 83 Reward: 94.474
Total T: 433917 Episode Num: 1347 Episode T: 82 Reward: 94.446
Total T: 434092 Episode Num: 1348 Episode T: 175 Reward: 87.462
Total T: 434170 Episode Num: 1349 Episode T: 78 Reward: 94.405
Total T: 434306 Episode Num: 1350 Episode T: 136 Reward: 90.494
Total T: 434400 Episode Num: 1351 Episode T: 94 Reward: 93.669
Total T: 434482 Episode Num: 1352 Episode T: 82 Reward: 94.195
Total T: 434559 Episode Num: 1353 Episode T: 77 Reward: 94.570
Total T: 434703 Episode Num: 1354 Episode T: 144 Reward: 90.571
Total T: 434846 Episode Num: 1355 Episode T: 143 Reward: 90.862
Total T: 434996 Episode Num: 1356 Episode T: 150 Reward: 89.409
---------------------------------------
Evaluation over 10 episodes: 93.455
---------------------------------------
Total T: 435144 Episode Num: 1357 Episode T: 148 Reward: 90.101
Total T: 435290 Episode Num: 1358 Episode T: 146 Reward: 91.229
Total T: 435366 Episode Num: 1359 Episode T: 76 Reward: 94.935
Total T: 435460 Episode Num: 1360 Episode T: 94 Reward: 93.762
Total T: 435535 Episode Num: 1361 Episode T: 75 Reward: 94.452
Total T: 435705 Episode Num: 1362 Episode T: 170 Reward: 88.817
Total T: 435794 Episode Num: 1363 Episode T: 89 Reward: 93.643
Total T: 435896 Episode Num: 1364 Episode T: 102 Reward: 92.894
Total T: 435972 Episode Num: 1365 Episode T: 76 Reward: 94.195
Total T: 436114 Episode Num: 1366 Episode T: 142 Reward: 90.421
Total T: 436251 Episode Num: 1367 Episode T: 137 Reward: 90.402
Total T: 436393 Episode Num: 1368 Episode T: 142 Reward: 91.000
Total T: 436472 Episode Num: 1369 Episode T: 79 Reward: 94.224
Total T: 436552 Episode Num: 1370 Episode T: 80 Reward: 94.301
Total T: 436627 Episode Num: 1371 Episode T: 75 Reward: 94.849
Total T: 436713 Episode Num: 1372 Episode T: 86 Reward: 93.928
Total T: 436800 Episode Num: 1373 Episode T: 87 Reward: 93.750
Total T: 436935 Episode Num: 1374 Episode T: 135 Reward: 91.147
Total T: 437037 Episode Num: 1375 Episode T: 102 Reward: 92.813
Total T: 437115 Episode Num: 1376 Episode T: 78 Reward: 94.491
Total T: 437260 Episode Num: 1377 Episode T: 145 Reward: 90.963
Total T: 437353 Episode Num: 1378 Episode T: 93 Reward: 93.559
Total T: 437445 Episode Num: 1379 Episode T: 92 Reward: 94.035
Total T: 437518 Episode Num: 1380 Episode T: 73 Reward: 94.709
Total T: 437668 Episode Num: 1381 Episode T: 150 Reward: 89.769
Total T: 437772 Episode Num: 1382 Episode T: 104 Reward: 92.891
Total T: 437850 Episode Num: 1383 Episode T: 78 Reward: 94.738
Total T: 437932 Episode Num: 1384 Episode T: 82 Reward: 94.630
Total T: 438082 Episode Num: 1385 Episode T: 150 Reward: 89.428
Total T: 438163 Episode Num: 1386 Episode T: 81 Reward: 94.001
Total T: 438271 Episode Num: 1387 Episode T: 108 Reward: 92.905
Total T: 438414 Episode Num: 1388 Episode T: 143 Reward: 90.297
Total T: 438488 Episode Num: 1389 Episode T: 74 Reward: 94.289
Total T: 438633 Episode Num: 1390 Episode T: 145 Reward: 90.931
Total T: 438704 Episode Num: 1391 Episode T: 71 Reward: 94.659
Total T: 438779 Episode Num: 1392 Episode T: 75 Reward: 94.880
Total T: 438855 Episode Num: 1393 Episode T: 76 Reward: 94.664
Total T: 438994 Episode Num: 1394 Episode T: 139 Reward: 91.716
Total T: 439073 Episode Num: 1395 Episode T: 79 Reward: 94.912
Total T: 439227 Episode Num: 1396 Episode T: 154 Reward: 89.148
Total T: 439307 Episode Num: 1397 Episode T: 80 Reward: 94.642
Total T: 439476 Episode Num: 1398 Episode T: 169 Reward: 88.346
Total T: 439554 Episode Num: 1399 Episode T: 78 Reward: 94.639
Total T: 439695 Episode Num: 1400 Episode T: 141 Reward: 90.575
Total T: 439771 Episode Num: 1401 Episode T: 76 Reward: 94.347
Total T: 439861 Episode Num: 1402 Episode T: 90 Reward: 93.216
Total T: 439949 Episode Num: 1403 Episode T: 88 Reward: 93.859
---------------------------------------
Evaluation over 10 episodes: 93.451
---------------------------------------
Total T: 440035 Episode Num: 1404 Episode T: 86 Reward: 94.010
Total T: 440113 Episode Num: 1405 Episode T: 78 Reward: 94.411
Total T: 440205 Episode Num: 1406 Episode T: 92 Reward: 94.132
Total T: 440298 Episode Num: 1407 Episode T: 93 Reward: 93.087
Total T: 440377 Episode Num: 1408 Episode T: 79 Reward: 94.112
Total T: 440478 Episode Num: 1409 Episode T: 101 Reward: 93.196
Total T: 440554 Episode Num: 1410 Episode T: 76 Reward: 94.472
Total T: 440634 Episode Num: 1411 Episode T: 80 Reward: 94.041
Total T: 440769 Episode Num: 1412 Episode T: 135 Reward: 90.557
Total T: 440849 Episode Num: 1413 Episode T: 80 Reward: 94.752
Total T: 440937 Episode Num: 1414 Episode T: 88 Reward: 93.743
Total T: 441019 Episode Num: 1415 Episode T: 82 Reward: 94.348
Total T: 441103 Episode Num: 1416 Episode T: 84 Reward: 94.955
Total T: 441179 Episode Num: 1417 Episode T: 76 Reward: 94.815
Total T: 441325 Episode Num: 1418 Episode T: 146 Reward: 90.879
Total T: 441511 Episode Num: 1419 Episode T: 186 Reward: 86.875
Total T: 441589 Episode Num: 1420 Episode T: 78 Reward: 94.485
Total T: 441666 Episode Num: 1421 Episode T: 77 Reward: 94.381
Total T: 441748 Episode Num: 1422 Episode T: 82 Reward: 94.791
Total T: 441846 Episode Num: 1423 Episode T: 98 Reward: 93.602
Total T: 441928 Episode Num: 1424 Episode T: 82 Reward: 94.350
Total T: 442004 Episode Num: 1425 Episode T: 76 Reward: 94.939
Total T: 442080 Episode Num: 1426 Episode T: 76 Reward: 95.028
Total T: 442214 Episode Num: 1427 Episode T: 134 Reward: 91.751
Total T: 442294 Episode Num: 1428 Episode T: 80 Reward: 94.280
Total T: 442373 Episode Num: 1429 Episode T: 79 Reward: 94.456
Total T: 442513 Episode Num: 1430 Episode T: 140 Reward: 90.706
Total T: 442652 Episode Num: 1431 Episode T: 139 Reward: 91.272
Total T: 442733 Episode Num: 1432 Episode T: 81 Reward: 94.263
Total T: 442822 Episode Num: 1433 Episode T: 89 Reward: 93.558
Total T: 442906 Episode Num: 1434 Episode T: 84 Reward: 94.187
Total T: 443037 Episode Num: 1435 Episode T: 131 Reward: 91.090
Total T: 443132 Episode Num: 1436 Episode T: 95 Reward: 93.288
Total T: 443216 Episode Num: 1437 Episode T: 84 Reward: 94.551
Total T: 443364 Episode Num: 1438 Episode T: 148 Reward: 89.966
Total T: 443512 Episode Num: 1439 Episode T: 148 Reward: 89.264
Total T: 443656 Episode Num: 1440 Episode T: 144 Reward: 90.531
Total T: 443731 Episode Num: 1441 Episode T: 75 Reward: 94.590
Total T: 443830 Episode Num: 1442 Episode T: 99 Reward: 93.394
Total T: 443961 Episode Num: 1443 Episode T: 131 Reward: 90.910
Total T: 444034 Episode Num: 1444 Episode T: 73 Reward: 94.736
Total T: 444134 Episode Num: 1445 Episode T: 100 Reward: 93.320
Total T: 444274 Episode Num: 1446 Episode T: 140 Reward: 90.735
Total T: 444380 Episode Num: 1447 Episode T: 106 Reward: 92.173
Total T: 444516 Episode Num: 1448 Episode T: 136 Reward: 91.507
Total T: 444663 Episode Num: 1449 Episode T: 147 Reward: 90.368
Total T: 444750 Episode Num: 1450 Episode T: 87 Reward: 93.238
Total T: 444893 Episode Num: 1451 Episode T: 143 Reward: 90.561
Total T: 444986 Episode Num: 1452 Episode T: 93 Reward: 93.614
---------------------------------------
Evaluation over 10 episodes: 93.468
---------------------------------------
Total T: 445089 Episode Num: 1453 Episode T: 103 Reward: 92.845
Total T: 445164 Episode Num: 1454 Episode T: 75 Reward: 94.088
Total T: 445256 Episode Num: 1455 Episode T: 92 Reward: 94.055
Total T: 445334 Episode Num: 1456 Episode T: 78 Reward: 94.330
Total T: 445437 Episode Num: 1457 Episode T: 103 Reward: 92.875
Total T: 445579 Episode Num: 1458 Episode T: 142 Reward: 90.281
Total T: 445657 Episode Num: 1459 Episode T: 78 Reward: 94.406
Total T: 445733 Episode Num: 1460 Episode T: 76 Reward: 94.720
Total T: 445821 Episode Num: 1461 Episode T: 88 Reward: 93.848
Total T: 445897 Episode Num: 1462 Episode T: 76 Reward: 95.074
Total T: 446039 Episode Num: 1463 Episode T: 142 Reward: 90.491
Total T: 446118 Episode Num: 1464 Episode T: 79 Reward: 94.544
Total T: 446265 Episode Num: 1465 Episode T: 147 Reward: 89.802
Total T: 446437 Episode Num: 1466 Episode T: 172 Reward: 87.898
Total T: 446581 Episode Num: 1467 Episode T: 144 Reward: 90.499
Total T: 446659 Episode Num: 1468 Episode T: 78 Reward: 94.564
Total T: 446805 Episode Num: 1469 Episode T: 146 Reward: 90.511
Total T: 446899 Episode Num: 1470 Episode T: 94 Reward: 93.541
Total T: 447043 Episode Num: 1471 Episode T: 144 Reward: 90.778
Total T: 447128 Episode Num: 1472 Episode T: 85 Reward: 94.398
Total T: 447210 Episode Num: 1473 Episode T: 82 Reward: 94.608
Total T: 447349 Episode Num: 1474 Episode T: 139 Reward: 89.778
Total T: 447495 Episode Num: 1475 Episode T: 146 Reward: 90.652
Total T: 447641 Episode Num: 1476 Episode T: 146 Reward: 89.724
Total T: 447726 Episode Num: 1477 Episode T: 85 Reward: 94.152
Total T: 447806 Episode Num: 1478 Episode T: 80 Reward: 94.366
Total T: 447894 Episode Num: 1479 Episode T: 88 Reward: 94.144
Total T: 448065 Episode Num: 1480 Episode T: 171 Reward: 88.786
Total T: 448209 Episode Num: 1481 Episode T: 144 Reward: 90.192
Total T: 448348 Episode Num: 1482 Episode T: 139 Reward: 91.215
Total T: 448456 Episode Num: 1483 Episode T: 108 Reward: 92.215
Total T: 448606 Episode Num: 1484 Episode T: 150 Reward: 89.408
Total T: 448748 Episode Num: 1485 Episode T: 142 Reward: 90.723
Total T: 448829 Episode Num: 1486 Episode T: 81 Reward: 94.403
Total T: 448983 Episode Num: 1487 Episode T: 154 Reward: 89.892
Total T: 449060 Episode Num: 1488 Episode T: 77 Reward: 94.600
Total T: 449220 Episode Num: 1489 Episode T: 160 Reward: 89.998
Total T: 449298 Episode Num: 1490 Episode T: 78 Reward: 94.465
Total T: 449377 Episode Num: 1491 Episode T: 79 Reward: 94.528
Total T: 449451 Episode Num: 1492 Episode T: 74 Reward: 94.886
Total T: 449552 Episode Num: 1493 Episode T: 101 Reward: 93.262
Total T: 449699 Episode Num: 1494 Episode T: 147 Reward: 90.217
Total T: 449842 Episode Num: 1495 Episode T: 143 Reward: 90.975
Total T: 449949 Episode Num: 1496 Episode T: 107 Reward: 92.140
---------------------------------------
Evaluation over 10 episodes: 93.473
---------------------------------------
Total T: 450028 Episode Num: 1497 Episode T: 79 Reward: 94.234
Total T: 450104 Episode Num: 1498 Episode T: 76 Reward: 94.005
Total T: 450179 Episode Num: 1499 Episode T: 75 Reward: 94.561
Total T: 450273 Episode Num: 1500 Episode T: 94 Reward: 93.615
Total T: 450415 Episode Num: 1501 Episode T: 142 Reward: 89.907
Total T: 450495 Episode Num: 1502 Episode T: 80 Reward: 94.791
Total T: 450641 Episode Num: 1503 Episode T: 146 Reward: 91.040
Total T: 450793 Episode Num: 1504 Episode T: 152 Reward: 90.067
Total T: 450936 Episode Num: 1505 Episode T: 143 Reward: 90.350
Total T: 451076 Episode Num: 1506 Episode T: 140 Reward: 90.711
Total T: 451210 Episode Num: 1507 Episode T: 134 Reward: 90.855
Total T: 451365 Episode Num: 1508 Episode T: 155 Reward: 89.022
Total T: 451505 Episode Num: 1509 Episode T: 140 Reward: 91.357
Total T: 451655 Episode Num: 1510 Episode T: 150 Reward: 89.345
Total T: 451819 Episode Num: 1511 Episode T: 164 Reward: 88.914
Total T: 451981 Episode Num: 1512 Episode T: 162 Reward: 89.807
Total T: 452132 Episode Num: 1513 Episode T: 151 Reward: 89.172
Total T: 452213 Episode Num: 1514 Episode T: 81 Reward: 94.453
Total T: 452356 Episode Num: 1515 Episode T: 143 Reward: 90.010
Total T: 452498 Episode Num: 1516 Episode T: 142 Reward: 90.550
Total T: 452640 Episode Num: 1517 Episode T: 142 Reward: 91.093
Total T: 452800 Episode Num: 1518 Episode T: 160 Reward: 89.464
Total T: 452940 Episode Num: 1519 Episode T: 140 Reward: 90.575
Total T: 453081 Episode Num: 1520 Episode T: 141 Reward: 89.895
Total T: 453232 Episode Num: 1521 Episode T: 151 Reward: 90.170
Total T: 453370 Episode Num: 1522 Episode T: 138 Reward: 90.770
Total T: 453447 Episode Num: 1523 Episode T: 77 Reward: 94.409
Total T: 453592 Episode Num: 1524 Episode T: 145 Reward: 89.855
Total T: 453753 Episode Num: 1525 Episode T: 161 Reward: 89.306
Total T: 453839 Episode Num: 1526 Episode T: 86 Reward: 94.222
Total T: 453923 Episode Num: 1527 Episode T: 84 Reward: 94.230
Total T: 454003 Episode Num: 1528 Episode T: 80 Reward: 94.358
Total T: 454175 Episode Num: 1529 Episode T: 172 Reward: 88.768
Total T: 454261 Episode Num: 1530 Episode T: 86 Reward: 93.902
Total T: 454352 Episode Num: 1531 Episode T: 91 Reward: 93.467
Total T: 454501 Episode Num: 1532 Episode T: 149 Reward: 89.569
Total T: 454645 Episode Num: 1533 Episode T: 144 Reward: 90.573
Total T: 454722 Episode Num: 1534 Episode T: 77 Reward: 94.555
Total T: 454871 Episode Num: 1535 Episode T: 149 Reward: 89.874
Total T: 454955 Episode Num: 1536 Episode T: 84 Reward: 93.957
---------------------------------------
Evaluation over 10 episodes: 93.470
---------------------------------------
Total T: 455111 Episode Num: 1537 Episode T: 156 Reward: 89.549
Total T: 455192 Episode Num: 1538 Episode T: 81 Reward: 94.336
Total T: 455309 Episode Num: 1539 Episode T: 117 Reward: 92.743
Total T: 455392 Episode Num: 1540 Episode T: 83 Reward: 94.103
Total T: 455539 Episode Num: 1541 Episode T: 147 Reward: 90.518
Total T: 455677 Episode Num: 1542 Episode T: 138 Reward: 89.778
Total T: 455818 Episode Num: 1543 Episode T: 141 Reward: 90.684
Total T: 455896 Episode Num: 1544 Episode T: 78 Reward: 94.674
Total T: 455994 Episode Num: 1545 Episode T: 98 Reward: 93.355
Total T: 456145 Episode Num: 1546 Episode T: 151 Reward: 89.035
Total T: 456311 Episode Num: 1547 Episode T: 166 Reward: 88.138
Total T: 456387 Episode Num: 1548 Episode T: 76 Reward: 94.277
Total T: 456521 Episode Num: 1549 Episode T: 134 Reward: 91.112
Total T: 456598 Episode Num: 1550 Episode T: 77 Reward: 94.286
Total T: 456742 Episode Num: 1551 Episode T: 144 Reward: 89.664
Total T: 456835 Episode Num: 1552 Episode T: 93 Reward: 93.179
Total T: 456981 Episode Num: 1553 Episode T: 146 Reward: 90.113
Total T: 457071 Episode Num: 1554 Episode T: 90 Reward: 93.703
Total T: 457158 Episode Num: 1555 Episode T: 87 Reward: 94.454
Total T: 457245 Episode Num: 1556 Episode T: 87 Reward: 93.942
Total T: 457385 Episode Num: 1557 Episode T: 140 Reward: 91.149
Total T: 457477 Episode Num: 1558 Episode T: 92 Reward: 93.319
Total T: 457631 Episode Num: 1559 Episode T: 154 Reward: 89.463
Total T: 457771 Episode Num: 1560 Episode T: 140 Reward: 90.961
Total T: 457930 Episode Num: 1561 Episode T: 159 Reward: 89.568
Total T: 458012 Episode Num: 1562 Episode T: 82 Reward: 94.343
Total T: 458091 Episode Num: 1563 Episode T: 79 Reward: 94.407
Total T: 458181 Episode Num: 1564 Episode T: 90 Reward: 93.719
Total T: 458263 Episode Num: 1565 Episode T: 82 Reward: 94.398
Total T: 458398 Episode Num: 1566 Episode T: 135 Reward: 90.941
Total T: 458486 Episode Num: 1567 Episode T: 88 Reward: 93.943
Total T: 458622 Episode Num: 1568 Episode T: 136 Reward: 90.888
Total T: 458700 Episode Num: 1569 Episode T: 78 Reward: 94.276
Total T: 458845 Episode Num: 1570 Episode T: 145 Reward: 90.344
Total T: 458925 Episode Num: 1571 Episode T: 80 Reward: 94.446
Total T: 459014 Episode Num: 1572 Episode T: 89 Reward: 93.828
Total T: 459105 Episode Num: 1573 Episode T: 91 Reward: 93.655
Total T: 459251 Episode Num: 1574 Episode T: 146 Reward: 90.421
Total T: 459418 Episode Num: 1575 Episode T: 167 Reward: 89.251
Total T: 459595 Episode Num: 1576 Episode T: 177 Reward: 88.337
Total T: 459675 Episode Num: 1577 Episode T: 80 Reward: 94.769
Total T: 459831 Episode Num: 1578 Episode T: 156 Reward: 89.186
Total T: 459915 Episode Num: 1579 Episode T: 84 Reward: 94.402
---------------------------------------
Evaluation over 10 episodes: 93.484
---------------------------------------
Total T: 460049 Episode Num: 1580 Episode T: 134 Reward: 90.864
Total T: 460147 Episode Num: 1581 Episode T: 98 Reward: 93.092
Total T: 460298 Episode Num: 1582 Episode T: 151 Reward: 89.616
Total T: 460389 Episode Num: 1583 Episode T: 91 Reward: 93.585
Total T: 460475 Episode Num: 1584 Episode T: 86 Reward: 93.923
Total T: 460612 Episode Num: 1585 Episode T: 137 Reward: 91.014
Total T: 460758 Episode Num: 1586 Episode T: 146 Reward: 90.019
Total T: 460867 Episode Num: 1587 Episode T: 109 Reward: 92.184
Total T: 461019 Episode Num: 1588 Episode T: 152 Reward: 89.910
Total T: 461124 Episode Num: 1589 Episode T: 105 Reward: 93.146
Total T: 461264 Episode Num: 1590 Episode T: 140 Reward: 90.281
Total T: 461403 Episode Num: 1591 Episode T: 139 Reward: 90.815
Total T: 461483 Episode Num: 1592 Episode T: 80 Reward: 94.898
Total T: 461622 Episode Num: 1593 Episode T: 139 Reward: 91.094
Total T: 461721 Episode Num: 1594 Episode T: 99 Reward: 93.328
Total T: 461868 Episode Num: 1595 Episode T: 147 Reward: 89.931
Total T: 462008 Episode Num: 1596 Episode T: 140 Reward: 90.449
Total T: 462098 Episode Num: 1597 Episode T: 90 Reward: 93.415
Total T: 462179 Episode Num: 1598 Episode T: 81 Reward: 94.856
Total T: 462314 Episode Num: 1599 Episode T: 135 Reward: 90.724
Total T: 462390 Episode Num: 1600 Episode T: 76 Reward: 94.907
Total T: 462470 Episode Num: 1601 Episode T: 80 Reward: 94.120
Total T: 462611 Episode Num: 1602 Episode T: 141 Reward: 91.338
Total T: 462698 Episode Num: 1603 Episode T: 87 Reward: 93.998
Total T: 462872 Episode Num: 1604 Episode T: 174 Reward: 87.274
Total T: 462967 Episode Num: 1605 Episode T: 95 Reward: 93.638
Total T: 463112 Episode Num: 1606 Episode T: 145 Reward: 89.877
Total T: 463184 Episode Num: 1607 Episode T: 72 Reward: 94.781
Total T: 463270 Episode Num: 1608 Episode T: 86 Reward: 94.073
Total T: 463354 Episode Num: 1609 Episode T: 84 Reward: 93.884
Total T: 463505 Episode Num: 1610 Episode T: 151 Reward: 89.729
Total T: 463644 Episode Num: 1611 Episode T: 139 Reward: 91.654
Total T: 463732 Episode Num: 1612 Episode T: 88 Reward: 93.529
Total T: 463884 Episode Num: 1613 Episode T: 152 Reward: 90.338
Total T: 464037 Episode Num: 1614 Episode T: 153 Reward: 89.635
Total T: 464182 Episode Num: 1615 Episode T: 145 Reward: 90.979
Total T: 464320 Episode Num: 1616 Episode T: 138 Reward: 90.909
Total T: 464466 Episode Num: 1617 Episode T: 146 Reward: 90.532
Total T: 464545 Episode Num: 1618 Episode T: 79 Reward: 94.637
Total T: 464682 Episode Num: 1619 Episode T: 137 Reward: 91.332
Total T: 464841 Episode Num: 1620 Episode T: 159 Reward: 88.370
Total T: 464932 Episode Num: 1621 Episode T: 91 Reward: 94.037
---------------------------------------
Evaluation over 10 episodes: 93.515
---------------------------------------
Total T: 465018 Episode Num: 1622 Episode T: 86 Reward: 93.303
Total T: 465115 Episode Num: 1623 Episode T: 97 Reward: 93.705
Total T: 465196 Episode Num: 1624 Episode T: 81 Reward: 94.142
Total T: 465354 Episode Num: 1625 Episode T: 158 Reward: 89.367
Total T: 465529 Episode Num: 1626 Episode T: 175 Reward: 88.702
Total T: 465681 Episode Num: 1627 Episode T: 152 Reward: 90.012
Total T: 465833 Episode Num: 1628 Episode T: 152 Reward: 89.944
Total T: 465974 Episode Num: 1629 Episode T: 141 Reward: 90.328
Total T: 466127 Episode Num: 1630 Episode T: 153 Reward: 89.728
Total T: 466266 Episode Num: 1631 Episode T: 139 Reward: 90.755
Total T: 466413 Episode Num: 1632 Episode T: 147 Reward: 89.725
Total T: 466569 Episode Num: 1633 Episode T: 156 Reward: 89.347
Total T: 466646 Episode Num: 1634 Episode T: 77 Reward: 94.810
Total T: 466730 Episode Num: 1635 Episode T: 84 Reward: 94.431
Total T: 466808 Episode Num: 1636 Episode T: 78 Reward: 94.287
Total T: 466892 Episode Num: 1637 Episode T: 84 Reward: 93.945
Total T: 467036 Episode Num: 1638 Episode T: 144 Reward: 90.288
Total T: 467113 Episode Num: 1639 Episode T: 77 Reward: 94.700
Total T: 467272 Episode Num: 1640 Episode T: 159 Reward: 89.159
Total T: 467413 Episode Num: 1641 Episode T: 141 Reward: 91.499
Total T: 467556 Episode Num: 1642 Episode T: 143 Reward: 89.520
Total T: 467638 Episode Num: 1643 Episode T: 82 Reward: 94.461
Total T: 467728 Episode Num: 1644 Episode T: 90 Reward: 93.840
Total T: 467873 Episode Num: 1645 Episode T: 145 Reward: 90.530
Total T: 468026 Episode Num: 1646 Episode T: 153 Reward: 90.094
Total T: 468176 Episode Num: 1647 Episode T: 150 Reward: 90.729
Total T: 468327 Episode Num: 1648 Episode T: 151 Reward: 89.665
Total T: 468431 Episode Num: 1649 Episode T: 104 Reward: 92.912
Total T: 468573 Episode Num: 1650 Episode T: 142 Reward: 90.568
Total T: 468732 Episode Num: 1651 Episode T: 159 Reward: 89.439
Total T: 468808 Episode Num: 1652 Episode T: 76 Reward: 94.435
Total T: 468887 Episode Num: 1653 Episode T: 79 Reward: 94.218
Total T: 469057 Episode Num: 1654 Episode T: 170 Reward: 88.669
Total T: 469214 Episode Num: 1655 Episode T: 157 Reward: 89.923
Total T: 469355 Episode Num: 1656 Episode T: 141 Reward: 91.289
Total T: 469446 Episode Num: 1657 Episode T: 91 Reward: 93.584
Total T: 469595 Episode Num: 1658 Episode T: 149 Reward: 90.543
Total T: 469683 Episode Num: 1659 Episode T: 88 Reward: 93.537
Total T: 469825 Episode Num: 1660 Episode T: 142 Reward: 90.733
Total T: 469928 Episode Num: 1661 Episode T: 103 Reward: 92.818
---------------------------------------
Evaluation over 10 episodes: 93.536
---------------------------------------
Total T: 470006 Episode Num: 1662 Episode T: 78 Reward: 94.596
Total T: 470102 Episode Num: 1663 Episode T: 96 Reward: 93.530
Total T: 470191 Episode Num: 1664 Episode T: 89 Reward: 93.609
Total T: 470287 Episode Num: 1665 Episode T: 96 Reward: 93.469
Total T: 470364 Episode Num: 1666 Episode T: 77 Reward: 94.808
Total T: 470437 Episode Num: 1667 Episode T: 73 Reward: 94.852
Total T: 470518 Episode Num: 1668 Episode T: 81 Reward: 94.257
Total T: 470658 Episode Num: 1669 Episode T: 140 Reward: 91.038
Total T: 470821 Episode Num: 1670 Episode T: 163 Reward: 88.927
Total T: 470971 Episode Num: 1671 Episode T: 150 Reward: 89.749
Total T: 471114 Episode Num: 1672 Episode T: 143 Reward: 90.718
Total T: 471213 Episode Num: 1673 Episode T: 99 Reward: 93.340
Total T: 471306 Episode Num: 1674 Episode T: 93 Reward: 93.452
Total T: 471443 Episode Num: 1675 Episode T: 137 Reward: 91.247
Total T: 471601 Episode Num: 1676 Episode T: 158 Reward: 89.362
Total T: 471738 Episode Num: 1677 Episode T: 137 Reward: 91.046
Total T: 471884 Episode Num: 1678 Episode T: 146 Reward: 90.485
Total T: 471976 Episode Num: 1679 Episode T: 92 Reward: 93.852
Total T: 472117 Episode Num: 1680 Episode T: 141 Reward: 91.437
Total T: 472198 Episode Num: 1681 Episode T: 81 Reward: 94.436
Total T: 472297 Episode Num: 1682 Episode T: 99 Reward: 93.299
Total T: 472385 Episode Num: 1683 Episode T: 88 Reward: 94.472
Total T: 472470 Episode Num: 1684 Episode T: 85 Reward: 94.183
Total T: 472626 Episode Num: 1685 Episode T: 156 Reward: 89.699
Total T: 472769 Episode Num: 1686 Episode T: 143 Reward: 90.205
Total T: 472910 Episode Num: 1687 Episode T: 141 Reward: 91.097
Total T: 473074 Episode Num: 1688 Episode T: 164 Reward: 89.700
Total T: 473214 Episode Num: 1689 Episode T: 140 Reward: 90.406
Total T: 473301 Episode Num: 1690 Episode T: 87 Reward: 94.149
Total T: 473384 Episode Num: 1691 Episode T: 83 Reward: 94.890
Total T: 473519 Episode Num: 1692 Episode T: 135 Reward: 91.648
Total T: 473607 Episode Num: 1693 Episode T: 88 Reward: 93.938
Total T: 473689 Episode Num: 1694 Episode T: 82 Reward: 94.760
Total T: 473825 Episode Num: 1695 Episode T: 136 Reward: 90.766
Total T: 473969 Episode Num: 1696 Episode T: 144 Reward: 91.113
Total T: 474081 Episode Num: 1697 Episode T: 112 Reward: 91.769
Total T: 474226 Episode Num: 1698 Episode T: 145 Reward: 90.333
Total T: 474308 Episode Num: 1699 Episode T: 82 Reward: 94.287
Total T: 474384 Episode Num: 1700 Episode T: 76 Reward: 94.345
Total T: 474522 Episode Num: 1701 Episode T: 138 Reward: 90.301
Total T: 474624 Episode Num: 1702 Episode T: 102 Reward: 92.929
Total T: 474761 Episode Num: 1703 Episode T: 137 Reward: 90.456
Total T: 474835 Episode Num: 1704 Episode T: 74 Reward: 94.508
Total T: 474913 Episode Num: 1705 Episode T: 78 Reward: 94.160
Total T: 474996 Episode Num: 1706 Episode T: 83 Reward: 93.982
---------------------------------------
Evaluation over 10 episodes: 93.583
---------------------------------------
Total T: 475140 Episode Num: 1707 Episode T: 144 Reward: 90.313
Total T: 475287 Episode Num: 1708 Episode T: 147 Reward: 90.016
Total T: 475363 Episode Num: 1709 Episode T: 76 Reward: 94.283
Total T: 475527 Episode Num: 1710 Episode T: 164 Reward: 88.233
Total T: 475672 Episode Num: 1711 Episode T: 145 Reward: 90.790
Total T: 475774 Episode Num: 1712 Episode T: 102 Reward: 93.323
Total T: 475937 Episode Num: 1713 Episode T: 163 Reward: 88.929
Total T: 476077 Episode Num: 1714 Episode T: 140 Reward: 90.783
Total T: 476152 Episode Num: 1715 Episode T: 75 Reward: 94.473
Total T: 476240 Episode Num: 1716 Episode T: 88 Reward: 93.859
Total T: 476313 Episode Num: 1717 Episode T: 73 Reward: 94.258
Total T: 476455 Episode Num: 1718 Episode T: 142 Reward: 90.897
Total T: 476542 Episode Num: 1719 Episode T: 87 Reward: 94.314
Total T: 476625 Episode Num: 1720 Episode T: 83 Reward: 94.426
Total T: 476763 Episode Num: 1721 Episode T: 138 Reward: 90.803
Total T: 476904 Episode Num: 1722 Episode T: 141 Reward: 91.045
Total T: 477003 Episode Num: 1723 Episode T: 99 Reward: 92.871
Total T: 477087 Episode Num: 1724 Episode T: 84 Reward: 94.409
Total T: 477228 Episode Num: 1725 Episode T: 141 Reward: 91.542
Total T: 477304 Episode Num: 1726 Episode T: 76 Reward: 94.928
Total T: 477379 Episode Num: 1727 Episode T: 75 Reward: 94.456
Total T: 477454 Episode Num: 1728 Episode T: 75 Reward: 94.318
Total T: 477592 Episode Num: 1729 Episode T: 138 Reward: 91.594
Total T: 477687 Episode Num: 1730 Episode T: 95 Reward: 93.159
Total T: 477769 Episode Num: 1731 Episode T: 82 Reward: 94.229
Total T: 477849 Episode Num: 1732 Episode T: 80 Reward: 94.313
Total T: 477932 Episode Num: 1733 Episode T: 83 Reward: 94.423
Total T: 478028 Episode Num: 1734 Episode T: 96 Reward: 93.521
Total T: 478109 Episode Num: 1735 Episode T: 81 Reward: 94.062
Total T: 478245 Episode Num: 1736 Episode T: 136 Reward: 90.466
Total T: 478327 Episode Num: 1737 Episode T: 82 Reward: 94.583
Total T: 478412 Episode Num: 1738 Episode T: 85 Reward: 94.118
Total T: 478495 Episode Num: 1739 Episode T: 83 Reward: 94.346
Total T: 478574 Episode Num: 1740 Episode T: 79 Reward: 94.265
Total T: 478651 Episode Num: 1741 Episode T: 77 Reward: 94.387
Total T: 478737 Episode Num: 1742 Episode T: 86 Reward: 94.431
Total T: 478880 Episode Num: 1743 Episode T: 143 Reward: 90.077
Total T: 478988 Episode Num: 1744 Episode T: 108 Reward: 92.488
Total T: 479076 Episode Num: 1745 Episode T: 88 Reward: 94.013
Total T: 479171 Episode Num: 1746 Episode T: 95 Reward: 93.562
Total T: 479321 Episode Num: 1747 Episode T: 150 Reward: 89.650
Total T: 479459 Episode Num: 1748 Episode T: 138 Reward: 91.349
Total T: 479538 Episode Num: 1749 Episode T: 79 Reward: 94.428
Total T: 479682 Episode Num: 1750 Episode T: 144 Reward: 91.568
Total T: 479817 Episode Num: 1751 Episode T: 135 Reward: 91.471
Total T: 479889 Episode Num: 1752 Episode T: 72 Reward: 94.627
Total T: 479969 Episode Num: 1753 Episode T: 80 Reward: 94.674
---------------------------------------
Evaluation over 10 episodes: 93.771
---------------------------------------
Total T: 480105 Episode Num: 1754 Episode T: 136 Reward: 90.290
Total T: 480250 Episode Num: 1755 Episode T: 145 Reward: 90.998
Total T: 480356 Episode Num: 1756 Episode T: 106 Reward: 92.690
Total T: 480499 Episode Num: 1757 Episode T: 143 Reward: 90.431
Total T: 480582 Episode Num: 1758 Episode T: 83 Reward: 94.492
Total T: 480673 Episode Num: 1759 Episode T: 91 Reward: 93.868
Total T: 480764 Episode Num: 1760 Episode T: 91 Reward: 93.418
Total T: 480848 Episode Num: 1761 Episode T: 84 Reward: 94.189
Total T: 481015 Episode Num: 1762 Episode T: 167 Reward: 89.554
Total T: 481160 Episode Num: 1763 Episode T: 145 Reward: 89.523
Total T: 481310 Episode Num: 1764 Episode T: 150 Reward: 89.340
Total T: 481456 Episode Num: 1765 Episode T: 146 Reward: 90.858
Total T: 481571 Episode Num: 1766 Episode T: 115 Reward: 92.720
Total T: 481664 Episode Num: 1767 Episode T: 93 Reward: 93.807
Total T: 481798 Episode Num: 1768 Episode T: 134 Reward: 91.427
Total T: 481887 Episode Num: 1769 Episode T: 89 Reward: 93.841
Total T: 482007 Episode Num: 1770 Episode T: 120 Reward: 91.817
Total T: 482149 Episode Num: 1771 Episode T: 142 Reward: 90.099
Total T: 482231 Episode Num: 1772 Episode T: 82 Reward: 94.431
Total T: 482372 Episode Num: 1773 Episode T: 141 Reward: 90.428
Total T: 482516 Episode Num: 1774 Episode T: 144 Reward: 90.510
Total T: 482604 Episode Num: 1775 Episode T: 88 Reward: 93.832
Total T: 482694 Episode Num: 1776 Episode T: 90 Reward: 93.799
Total T: 482839 Episode Num: 1777 Episode T: 145 Reward: 90.778
Total T: 482929 Episode Num: 1778 Episode T: 90 Reward: 93.792
Total T: 483079 Episode Num: 1779 Episode T: 150 Reward: 89.783
Total T: 483159 Episode Num: 1780 Episode T: 80 Reward: 94.544
Total T: 483247 Episode Num: 1781 Episode T: 88 Reward: 94.263
Total T: 483327 Episode Num: 1782 Episode T: 80 Reward: 94.839
Total T: 483412 Episode Num: 1783 Episode T: 85 Reward: 94.094
Total T: 483569 Episode Num: 1784 Episode T: 157 Reward: 89.445
Total T: 483666 Episode Num: 1785 Episode T: 97 Reward: 93.784
Total T: 483803 Episode Num: 1786 Episode T: 137 Reward: 91.016
Total T: 483946 Episode Num: 1787 Episode T: 143 Reward: 90.225
Total T: 484030 Episode Num: 1788 Episode T: 84 Reward: 94.479
Total T: 484128 Episode Num: 1789 Episode T: 98 Reward: 93.437
Total T: 484248 Episode Num: 1790 Episode T: 120 Reward: 91.934
Total T: 484343 Episode Num: 1791 Episode T: 95 Reward: 92.974
Total T: 484424 Episode Num: 1792 Episode T: 81 Reward: 94.290
Total T: 484570 Episode Num: 1793 Episode T: 146 Reward: 91.105
Total T: 484658 Episode Num: 1794 Episode T: 88 Reward: 93.980
Total T: 484811 Episode Num: 1795 Episode T: 153 Reward: 89.974
Total T: 484894 Episode Num: 1796 Episode T: 83 Reward: 94.576
---------------------------------------
Evaluation over 10 episodes: 94.009
---------------------------------------
Total T: 485047 Episode Num: 1797 Episode T: 153 Reward: 89.408
Total T: 485134 Episode Num: 1798 Episode T: 87 Reward: 94.044
Total T: 485220 Episode Num: 1799 Episode T: 86 Reward: 94.421
Total T: 485383 Episode Num: 1800 Episode T: 163 Reward: 89.332
Total T: 485470 Episode Num: 1801 Episode T: 87 Reward: 94.144
Total T: 485562 Episode Num: 1802 Episode T: 92 Reward: 93.757
Total T: 485697 Episode Num: 1803 Episode T: 135 Reward: 90.780
Total T: 485849 Episode Num: 1804 Episode T: 152 Reward: 90.472
Total T: 485985 Episode Num: 1805 Episode T: 136 Reward: 91.076
Total T: 486066 Episode Num: 1806 Episode T: 81 Reward: 95.008
Total T: 486212 Episode Num: 1807 Episode T: 146 Reward: 90.643
Total T: 486352 Episode Num: 1808 Episode T: 140 Reward: 90.750
Total T: 486438 Episode Num: 1809 Episode T: 86 Reward: 94.541
Total T: 486528 Episode Num: 1810 Episode T: 90 Reward: 93.438
Total T: 486706 Episode Num: 1811 Episode T: 178 Reward: 88.810
Total T: 486859 Episode Num: 1812 Episode T: 153 Reward: 89.543
Total T: 486997 Episode Num: 1813 Episode T: 138 Reward: 90.727
Total T: 487096 Episode Num: 1814 Episode T: 99 Reward: 92.820
Total T: 487179 Episode Num: 1815 Episode T: 83 Reward: 94.172
Total T: 487330 Episode Num: 1816 Episode T: 151 Reward: 89.992
Total T: 487409 Episode Num: 1817 Episode T: 79 Reward: 94.570
Total T: 487527 Episode Num: 1818 Episode T: 118 Reward: 92.067
Total T: 487679 Episode Num: 1819 Episode T: 152 Reward: 89.673
Total T: 487836 Episode Num: 1820 Episode T: 157 Reward: 89.952
Total T: 487976 Episode Num: 1821 Episode T: 140 Reward: 90.076
Total T: 488126 Episode Num: 1822 Episode T: 150 Reward: 90.197
Total T: 488274 Episode Num: 1823 Episode T: 148 Reward: 90.474
Total T: 488363 Episode Num: 1824 Episode T: 89 Reward: 94.018
Total T: 488498 Episode Num: 1825 Episode T: 135 Reward: 91.680
Total T: 488679 Episode Num: 1826 Episode T: 181 Reward: 87.859
Total T: 488819 Episode Num: 1827 Episode T: 140 Reward: 91.030
Total T: 488911 Episode Num: 1828 Episode T: 92 Reward: 94.117
Total T: 488992 Episode Num: 1829 Episode T: 81 Reward: 94.577
Total T: 489135 Episode Num: 1830 Episode T: 143 Reward: 90.461
Total T: 489238 Episode Num: 1831 Episode T: 103 Reward: 93.153
Total T: 489391 Episode Num: 1832 Episode T: 153 Reward: 89.365
Total T: 489545 Episode Num: 1833 Episode T: 154 Reward: 89.687
Total T: 489629 Episode Num: 1834 Episode T: 84 Reward: 94.368
Total T: 489778 Episode Num: 1835 Episode T: 149 Reward: 89.219
Total T: 489897 Episode Num: 1836 Episode T: 119 Reward: 92.185
Total T: 489996 Episode Num: 1837 Episode T: 99 Reward: 92.488
---------------------------------------
Evaluation over 10 episodes: 94.160
---------------------------------------
Total T: 490130 Episode Num: 1838 Episode T: 134 Reward: 90.926
Total T: 490277 Episode Num: 1839 Episode T: 147 Reward: 91.044
Total T: 490379 Episode Num: 1840 Episode T: 102 Reward: 92.856
Total T: 490482 Episode Num: 1841 Episode T: 103 Reward: 92.645
Total T: 490589 Episode Num: 1842 Episode T: 107 Reward: 93.170
Total T: 490761 Episode Num: 1843 Episode T: 172 Reward: 88.788
Total T: 490840 Episode Num: 1844 Episode T: 79 Reward: 94.821
Total T: 490922 Episode Num: 1845 Episode T: 82 Reward: 94.628
Total T: 491008 Episode Num: 1846 Episode T: 86 Reward: 93.422
Total T: 491154 Episode Num: 1847 Episode T: 146 Reward: 91.318
Total T: 491325 Episode Num: 1848 Episode T: 171 Reward: 89.198
Total T: 491411 Episode Num: 1849 Episode T: 86 Reward: 93.528
Total T: 491549 Episode Num: 1850 Episode T: 138 Reward: 90.181
Total T: 491634 Episode Num: 1851 Episode T: 85 Reward: 94.175
Total T: 491711 Episode Num: 1852 Episode T: 77 Reward: 94.787
Total T: 491860 Episode Num: 1853 Episode T: 149 Reward: 90.441
Total T: 492004 Episode Num: 1854 Episode T: 144 Reward: 90.889
Total T: 492089 Episode Num: 1855 Episode T: 85 Reward: 93.941
Total T: 492249 Episode Num: 1856 Episode T: 160 Reward: 89.678
Total T: 492337 Episode Num: 1857 Episode T: 88 Reward: 93.542
Total T: 492433 Episode Num: 1858 Episode T: 96 Reward: 93.714
Total T: 492595 Episode Num: 1859 Episode T: 162 Reward: 89.081
Total T: 492737 Episode Num: 1860 Episode T: 142 Reward: 91.410
Total T: 492815 Episode Num: 1861 Episode T: 78 Reward: 94.546
Total T: 492895 Episode Num: 1862 Episode T: 80 Reward: 94.213
Total T: 493057 Episode Num: 1863 Episode T: 162 Reward: 89.535
Total T: 493203 Episode Num: 1864 Episode T: 146 Reward: 90.762
Total T: 493302 Episode Num: 1865 Episode T: 99 Reward: 93.478
Total T: 493457 Episode Num: 1866 Episode T: 155 Reward: 90.042
Total T: 493609 Episode Num: 1867 Episode T: 152 Reward: 90.717
Total T: 493685 Episode Num: 1868 Episode T: 76 Reward: 94.407
Total T: 493819 Episode Num: 1869 Episode T: 134 Reward: 91.460
Total T: 493962 Episode Num: 1870 Episode T: 143 Reward: 89.757
Total T: 494042 Episode Num: 1871 Episode T: 80 Reward: 94.326
Total T: 494182 Episode Num: 1872 Episode T: 140 Reward: 90.367
Total T: 494329 Episode Num: 1873 Episode T: 147 Reward: 89.891
Total T: 494469 Episode Num: 1874 Episode T: 140 Reward: 91.966
Total T: 494622 Episode Num: 1875 Episode T: 153 Reward: 90.503
Total T: 494715 Episode Num: 1876 Episode T: 93 Reward: 93.635
Total T: 494794 Episode Num: 1877 Episode T: 79 Reward: 94.536
Total T: 494984 Episode Num: 1878 Episode T: 190 Reward: 87.700
---------------------------------------
Evaluation over 10 episodes: 94.143
---------------------------------------
Total T: 495159 Episode Num: 1879 Episode T: 175 Reward: 87.969
Total T: 495331 Episode Num: 1880 Episode T: 172 Reward: 88.068
Total T: 495429 Episode Num: 1881 Episode T: 98 Reward: 93.601
Total T: 495520 Episode Num: 1882 Episode T: 91 Reward: 93.708
Total T: 495674 Episode Num: 1883 Episode T: 154 Reward: 89.135
Total T: 495817 Episode Num: 1884 Episode T: 143 Reward: 91.039
Total T: 495963 Episode Num: 1885 Episode T: 146 Reward: 90.928
Total T: 496056 Episode Num: 1886 Episode T: 93 Reward: 94.194
Total T: 496133 Episode Num: 1887 Episode T: 77 Reward: 94.536
Total T: 496281 Episode Num: 1888 Episode T: 148 Reward: 90.629
Total T: 496362 Episode Num: 1889 Episode T: 81 Reward: 94.350
Total T: 496501 Episode Num: 1890 Episode T: 139 Reward: 91.612
Total T: 496588 Episode Num: 1891 Episode T: 87 Reward: 93.815
Total T: 496676 Episode Num: 1892 Episode T: 88 Reward: 93.775
Total T: 496840 Episode Num: 1893 Episode T: 164 Reward: 88.515
Total T: 496922 Episode Num: 1894 Episode T: 82 Reward: 95.026
Total T: 497089 Episode Num: 1895 Episode T: 167 Reward: 89.444
Total T: 497169 Episode Num: 1896 Episode T: 80 Reward: 94.140
Total T: 497254 Episode Num: 1897 Episode T: 85 Reward: 93.737
Total T: 497396 Episode Num: 1898 Episode T: 142 Reward: 90.713
Total T: 497489 Episode Num: 1899 Episode T: 93 Reward: 93.731
Total T: 497636 Episode Num: 1900 Episode T: 147 Reward: 90.895
Total T: 497726 Episode Num: 1901 Episode T: 90 Reward: 94.094
Total T: 497810 Episode Num: 1902 Episode T: 84 Reward: 94.112
Total T: 497900 Episode Num: 1903 Episode T: 90 Reward: 94.351
Total T: 497984 Episode Num: 1904 Episode T: 84 Reward: 94.496
Total T: 498126 Episode Num: 1905 Episode T: 142 Reward: 90.658
Total T: 498233 Episode Num: 1906 Episode T: 107 Reward: 92.458
Total T: 498374 Episode Num: 1907 Episode T: 141 Reward: 90.304
Total T: 498453 Episode Num: 1908 Episode T: 79 Reward: 94.352
Total T: 498531 Episode Num: 1909 Episode T: 78 Reward: 94.271
Total T: 498618 Episode Num: 1910 Episode T: 87 Reward: 94.218
Total T: 498708 Episode Num: 1911 Episode T: 90 Reward: 94.550
Total T: 498806 Episode Num: 1912 Episode T: 98 Reward: 92.885
Total T: 498892 Episode Num: 1913 Episode T: 86 Reward: 94.117
Total T: 498977 Episode Num: 1914 Episode T: 85 Reward: 94.671
Total T: 499120 Episode Num: 1915 Episode T: 143 Reward: 90.777
Total T: 499197 Episode Num: 1916 Episode T: 77 Reward: 94.246
Total T: 499332 Episode Num: 1917 Episode T: 135 Reward: 90.449
Total T: 499434 Episode Num: 1918 Episode T: 102 Reward: 92.832
Total T: 499517 Episode Num: 1919 Episode T: 83 Reward: 94.410
Total T: 499654 Episode Num: 1920 Episode T: 137 Reward: 91.026
Total T: 499792 Episode Num: 1921 Episode T: 138 Reward: 91.014
Total T: 499885 Episode Num: 1922 Episode T: 93 Reward: 93.966
Total T: 499981 Episode Num: 1923 Episode T: 96 Reward: 93.790
---------------------------------------
Evaluation over 10 episodes: 94.161
---------------------------------------
